X,Y,Z
0,2,1.64
0,2,1.64
0,2,1.64
0,2,1.64
0,2,1.64
0,2,1.64
0,2,1.64
0,2,1.64
0,2,1.64
0,2,1.64
0,2,1.64
0,2,1.64
0,2,1.64
0,2,1.64
0,2,1.64
0,2,1.64
0,2,1.64
0,2,1.64
0,2,1.64
0,2,1.64
0,2,1.64
0,2,1.64
0,2,1.64
0,2,1.64
0,2,1.64
0,2,1.64
0,2,1.64
0,2,1.64
0,2,1.64
0,2,1.64
0,2,1.64
0,2,1.64
0,2,1.64
0,2,1.64
0,2,1.64
0,2,1.64
0,2,1.64
0,2,1.64
0,2,1.64
0,2,1.64
0,2,1.64
0,2,1.64
0,2,1.64
0,2,1.64
0,2,1.64
0,2,1.64
0,2,1.64
0,2,1.64
0,2,1.64
0,2,1.64
0,2,1.64
0,2,1.64
0,2,1.64
0,2,1.64
0,2,1.64
0,2,1.64
0,2,1.64
0,2,1.64
0,2,1.64
0,2,1.64
0,2,1.64
0,2,1.64
0,2,1.64
0,2,1.64
0,2,1.64
0,2,1.64
0,2,1.64
0,2,1.64
0,2,1.64
0,2,1.64
0,2,1.64
0,2,1.64
0,2,1.64
0,2,1.64
0,2,1.64
0,2,1.64
0,2,1.64
0,2,1.64
0,2,1.64
0,2,1.64
0,2,1.64
0,2,1.64
0,2,1.64
0,2,1.64
0,2,1.64
0,2,1.64
0,2,1.64
0,2,1.64
0,2,1.64
0,2,1.64
0,2,1.64
0,2,1.64
0,2,1.64
0,2,1.64
0,2,1.64
0,2,1.64
0,2,1.64
0,2,1.64
0,2,1.64
0,2,1.64
0,2,1.64
0,2,1.64
0,2,1.64
0,2,1.64
0,2,1.64
0,2,1.64
0,2,1.64
0,2,1.64
0,2,1.64
0,2,1.64
0,2,1.64
0,2,1.64
0,2,1.64
0,2,1.64
0,2,1.64
0,2,1.64
0,2,1.64
0,2,1.64
0,2,1.64
0,2,1.64
0,2,1.64
0,2,1.64
0,2,1.64
0,2,1.64
0,2,1.64
0,2,1.64
0,2,1.64
0,2,1.64
0,2,1.64
0,2,1.64
0,2,1.64
0,2,1.64
0,2,1.64
0,2,1.64
0,2,1.64
0,2,1.64
0,2,1.64
0,2,1.64
0,2,1.64
0,2,1.64
0,2,1.64
0,2,1.64
0,2,1.64
0,2,1.64
0,2,1.64
0,2,1.64
0,2,1.64
0,2,1.64
0,2,1.64
0,2,1.64
0,2,1.64
0,2,1.64
0,2,1.64
0,2,1.64
0,2,1.64
0,2,1.64
0,2,1.64
0,2,1.64
0,2,1.64
0,2,1.64
0,2,1.64
0,2,1.64
0,2,1.64
0,2,1.64
0,2,1.64
0,2,1.64
0,2,1.64
0,2,1.64
0,2,1.64
0,2,1.64
0,2,1.64
0,2,1.64
0,2,1.64
0,2,1.64
0,2,1.64
0,2,1.64
0,2,1.64
0,2,1.64
0,2,1.64
0,2,1.64
0,2,1.64
0,2,1.64
0,2,1.64
0,2,1.64
0,2,1.64
0,2,1.64
0,2,1.64
0,2,1.64
0,2,1.64
0,2,1.64
0,2,1.64
0,2,1.64
0,2,1.64
0,2,1.64
0,2,1.64
0,2,1.64
0,2,1.64
0,2,1.64
0,2,1.64
0,2,1.64
0,2,1.64
0,2,1.64
0,2,1.64
0,2,1.64
0,2,1.64
0,2,1.64
0,2,1.64
0,2,1.64
0,2,1.64
0,2,1.64
0,2,1.64
0,2,1.64
0,2,1.64
0,2,1.64
0,2,1.64
0,2,1.64
0,2,1.64
0,2,1.64
0,2,1.64
0,2,1.64
0,2,1.64
0,2,1.64
0,2,1.64
0,2,1.64
0,2,1.64
0,2,1.64
0,2,1.64
0,2,1.64
0,2,1.64
0,2,1.64
0,2,1.64
0,2,1.64
0,2,1.64
0,2,1.64
0,2,1.64
0,2,1.64
0,2,1.64
0,2,1.64
0,2,1.64
0,2,1.64
0,2,1.64
0,2,1.64
0,2,1.64
0,2,1.64
0,2,1.64
0,2,1.64
0,2,1.64
0,2,1.64
0,2,1.64
0,2,1.64
0,2,1.64
0,2,1.64
0,2,1.64
0,2,1.64
0,2,1.64
0,2,1.64
0,2,1.64
0,2,1.64
0,2,1.64
0,2,1.64
0,2,1.64
0,2,1.64
0,2,1.64
0,2,1.64
0,2,1.64
0,2,1.64
0,2,1.64
0,2,1.64
0,2,1.64
0,2,1.64
0,2,1.64
0,2,1.64
0,2,1.64
0,2,1.64
0,2,1.64
0,2,1.64
0,2,1.64
0,2,1.64
0,2,1.64
0,2,1.64
0,2,1.64
0,2,1.64
0,2,1.64
0,2,1.64
0,2,1.64
0,2,1.64
0,2,1.64
0,2,1.64
0,2,1.64
0,2,1.64
0,2,1.64
0,2,1.64
0,2,1.64
0,2,1.64
0,2,1.64
0,2,1.64
0,2,1.64
0,2,1.64
0,2,1.64
0,2,1.64
0,2,1.64
0,2,1.64
0,2,1.64
0,2,1.64
0,2,1.64
0,2,1.64
0,2,1.64
0,2,1.64
0,2,1.64
0,2,1.64
0,2,1.64
0,2,1.64
0,2,1.64
0,2,1.64
0,2,1.64
0,2,1.64
0,2,1.64
0,2,1.64
0,2,1.64
0,2,1.64
0,2,1.64
0,2,1.64
0,2,1.64
0,2,1.64
0,2,1.64
0,2,1.64
0,2,1.64
0,2,1.64
0,2,1.64
0,2,1.64
0,2,1.64
0,2,1.64
0,2,1.64
0,2,1.64
0,2,1.64
0,2,1.64
0,2,1.64
0,2,1.64
0,2,1.64
0,2,1.64
0,2,1.64
0,2,1.64
0,2,1.64
0,2,1.64
0,2,1.64
0,2,1.64
0,2,1.64
0,2,1.64
0,2,1.64
0,2,1.64
0,2,1.64
0,2,1.64
0,2,1.64
0,2,1.64
0,2,1.64
0,2,1.64
0,2,1.64
0,2,1.64
0,2,1.64
0,2,1.64
0,2,1.64
0,2,1.64
0,2,1.64
0,2,1.64
0,2,1.64
0,2,1.64
0,2,1.64
0,2,1.64
0,2,1.64
0,2,1.64
0,2,1.64
0,2,1.64
0,2,1.64
0,2,1.64
0,2,1.64
0,2,1.64
0,2,1.64
0,2,1.64
0,2,1.64
0,2,1.64
0,2,1.64
0,2,1.64
0,2,1.64
0,2,1.64
0,2,1.64
0,2,1.64
0,2,1.64
0,2,1.64
0,2,1.64
0,2,1.64
0,2,1.64
0,2,1.64
0,2,1.64
0,2,1.64
0,2,1.64
0,2,1.64
0,2,1.64
0,2,1.64
0,2,1.64
0,2,1.64
0,2,1.64
0,2,1.64
0,2,1.64
0,2,1.64
0,2,1.64
0,2,1.64
0,2,1.64
0,2,1.64
0,2,1.64
0,2,1.64
0,2,1.64
0,2,1.64
0,2,1.64
0,2,1.64
0,2,1.64
0,2,1.64
0,2,1.64
0,2,1.64
0,2,1.64
0,2,1.64
0,2,1.64
0,2,1.64
0,2,1.64
0,2,1.64
0,2,1.64
0,2,1.64
0,2,1.64
0,2,1.64
0,2,1.64
0,2,1.64
0,2,1.64
0,2,1.64
0,2,1.64
0,2,1.64
0,2,1.64
0,2,1.64
0,2,1.64
0,2,1.64
0,2,1.64
0,2,1.64
0,2,1.64
0,2,1.64
0,2,1.64
0,2,1.64
0,2,1.64
0,2,1.64
0,2,1.64
0,2,1.64
0,2,1.64
0,2,1.64
0,2,1.64
0,2,1.64
0,2,1.64
0,2,1.64
0,2,1.64
0,2,1.64
0,2,1.64
0,2,1.64
0,2,1.64
0,2,1.64
0,2,1.64
0,2,1.64
0,2,1.64
0,2,1.64
0,2,1.64
0,2,1.64
0,2,1.64
0,2,1.64
0,2,1.64
0,2,1.64
0,2,1.64
0,2,1.64
0,2,1.64
0,2,1.64
0,2,1.64
0,2,1.64
0,2,1.64
0,2,1.64
0,2,1.64
0,2,1.64
0,2,1.64
0,2,1.64
0,2,1.64
0,2,1.64
0,2,1.64
0,2,1.64
0,2,1.64
0,2,1.64
0,2,1.64
0,2,1.64
0,2,1.64
0,2,1.64
0,2,1.64
0,2,1.64
0,2,1.64
0,2,1.64
0,2,1.64
0,2,1.64
0,2,1.64
0,2,1.64
0,2,1.64
0,2,1.64
0,2,1.64
0,2,1.64
0,2,1.64
0,2,1.64
0,2,1.64
0,2,1.64
0,2,1.64
0,2,1.64
0,2,1.64
0,2,1.64
0,2,1.64
0,2,1.64
0,2,1.64
0,2,1.64
0,2,1.64
0,2,1.64
0,2,1.64
0,2,1.64
0,2,1.64
0,2,1.64
0,2,1.64
0,2,1.64
0,2,1.64
0,2,1.64
0,2,1.64
0,2,1.64
0,2,1.64
0,2,1.64
0,2,1.64
0,2,1.64
0,2,1.64
0,2,1.64
0,2,1.64
0,2,1.64
0,2,1.64
0,2,1.64
0,2,1.64
0,2,1.64
0,2,1.64
0,2,1.64
0,2,1.64
0,2,1.64
0,2,1.64
0,2,1.64
0,2,1.64
0,2,1.64
0,2,1.64
0,2,1.64
0,2,1.64
0,2,1.64
0,2,1.64
0,2,1.64
0,2,1.64
0,2,1.64
0,2,1.64
0,2,1.64
0,2,1.64
0,2,1.64
0,2,1.64
0,2,1.64
0,2,1.64
0,2,1.64
0,2,1.64
0,2,1.64
0,2,1.64
0,2,1.64
0,2,1.64
0,2,1.64
0,2,1.64
0,2,1.64
0,2,1.64
0,2,1.64
0,2,1.64
0,2,1.64
0,2,1.64
0,2,1.64
0,2,1.64
0,2,1.64
0,2,1.64
0,2,1.64
0,2,1.64
0,2,1.64
0,2,1.64
0,2,1.64
0,2,1.64
0,2,1.64
0,2,1.64
0,2,1.64
0,2,1.64
0,2,1.64
0,2,1.64
0,2,1.64
0,2,1.64
0,2,1.64
0,2,1.64
0,2,1.64
0,2,1.64
0,2,1.64
0,2,1.64
0,2,1.64
0,2,1.64
0,2,1.64
0,2,1.64
0,2,1.64
0,2,1.64
0,2,1.64
0,2,1.64
0,2,1.64
0,2,1.64
0,2,1.64
0,2,1.64
0,2,1.64
0,2,1.64
0,2,1.64
0,2,1.64
0,2,1.64
0,2,1.64
0,2,1.64
0,2,1.64
0,2,1.64
0,2,1.64
0,2,1.64
0,2,1.64
0,2,1.64
0,2,1.64
0,2,1.64
0,2,1.64
0,2,1.64
0,2,1.64
0,2,1.64
0,2,1.64
0,2,1.64
0,2,1.64
0,2,1.64
0,2,1.64
0,2,1.64
0,2,1.64
0,2,1.64
0,2,1.64
0,2,1.64
0,2,1.64
0,2,1.64
0,2,1.64
0,2,1.64
0,2,1.64
0,2,1.64
0,2,1.64
0,2,1.64
0,2,1.64
0,2,1.64
0,2,1.64
0,2,1.64
0,2,1.64
0,2,1.64
0,2,1.64
0,2,1.64
0,2,1.64
0,2,1.64
0,2,1.64
0,2,1.64
0,2,1.64
0,2,1.64
0,2,1.64
0,2,1.64
0,2,1.64
0,2,1.64
0,2,1.64
0,2,1.64
0,2,1.64
0,2,1.64
0,2,1.64
0,2,1.64
0,2,1.64
0,2,1.64
0,2,1.64
0,2,1.64
0,2,1.64
0,2,1.64
0,2,1.64
0,2,1.64
0,2,1.64
0,2,1.64
0,2,1.64
0,2,1.64
0,2,1.64
0,2,1.64
0,2,1.64
0,2,1.64
0,2,1.64
0,2,1.64
0,2,1.64
0,2,1.64
0,2,1.64
0,2,1.64
0,2,1.64
0,2,1.64
0,2,1.64
0,2,1.64
0,2,1.64
0,2,1.64
0,2,1.64
0,2,1.64
0,2,1.64
0,2,1.64
0,2,1.64
0,2,1.64
0,2,1.64
0,2,1.64
0,2,1.64
0,2,1.64
0,2,1.64
0,2,1.64
0,2,1.64
0,2,1.64
0,2,1.64
0,2,1.64
0,2,1.64
0,2,1.64
0,2,1.64
0,2,1.64
0,2,1.64
0,2,1.64
0,2,1.64
0,2,1.64
0,2,1.64
0,2,1.64
0,2,1.64
0,2,1.64
0,2,1.64
0,2,1.64
0,2,1.64
0,2,1.64
0,2,1.64
0,2,1.64
0,2,1.64
0,2,1.64
0,2,1.64
0,2,1.64
0,2,1.64
0,2,1.64
0,2,1.64
0,2,1.64
0,2,1.64
0,2,1.64
0,2,1.64
0,2,1.64
0,2,1.64
0,2,1.64
0,2,1.64
0,2,1.64
0,2,1.64
0,2,1.64
0,2,1.64
0,2,1.64
0,2,1.64
0,2,1.64
0,2,1.64
0,2,1.64
0,2,1.64
0,2,1.64
0,2,1.64
0,2,1.64
0,2,1.64
0,2,1.64
0,2,1.64
0,2,1.64
0,2,1.64
0,2,1.64
0,2,1.64
0,2,1.64
0,2,1.64
0,2,1.64
0,2,1.64
0,2,1.64
0,2,1.64
0,2,1.64
0,2,1.64
0,2,1.64
0,2,1.64
0,2,1.64
0,2,1.64
0,2,1.64
0,2,1.64
0,2,1.64
0,2,1.64
0,2,1.64
0,2,1.64
0,2,1.64
0,2,1.64
0,2,1.64
0,2,1.64
0,2,1.64
0,2,1.64
0,2,1.64
0,2,1.64
0,2,1.64
0,2,1.64
0,2,1.64
0,2,1.64
0,2,1.64
0,2,1.64
0,2,1.64
0,2,1.64
0,2,1.64
0,2,1.64
0,2,1.64
0,2,1.64
0,2,1.64
0,2,1.64
0,2,1.64
0,2,1.64
0,2,1.64
0,2,1.64
0,2,1.64
0,2,1.64
0,2,1.64
0,2,1.64
0,2,1.64
0,2,1.64
0,2,1.64
0,2,1.64
0,2,1.64
0,2,1.64
0,2,1.64
0,2,1.64
0,2,1.64
0,2,1.64
0,2,1.64
0,2,1.64
0,2,1.64
0,2,1.64
0,2,1.64
0,2,1.64
0,2,1.64
0,2,1.64
0,2,1.64
0,2,1.64
0,2,1.64
0,2,1.64
0,2,1.64
0,2,1.64
0,2,1.64
0,2,1.64
0,2,1.64
0,2,1.64
0,2,1.64
0,2,1.64
0,2,1.64
0,2,1.64
0,2,1.64
0,2,1.64
0,2,1.64
0,2,1.64
0,2,1.64
0,2,1.64
0,2,1.64
0,2,1.64
0,2,1.64
0,2,1.64
0,2,1.64
0,2,1.64
0,2,1.64
0,2,1.64
0,2,1.64
0,2,1.64
0,2,1.64
0,2,1.64
0,2,1.64
0,2,1.64
0,2,1.64
0,2,1.64
0,2,1.64
0,2,1.64
0,2,1.64
0,2,1.64
0,2,1.64
0,2,1.64
0,2,1.64
0,2,1.64
0,2,1.64
0,2,1.64
0,2,1.64
0,2,1.64
0,2,1.64
0,2,1.64
0,2,1.64
0,2,1.64
0,2,1.64
0,2,1.64
0,2,1.64
0,2,1.64
0,2,1.64
0,2,1.64
0,2,1.64
0,2,1.64
0,2,1.64
0,2,1.64
0,2,1.64
0,2,1.64
0,2,1.64
0,2,1.64
0,2,1.64
0,2,1.64
0,2,1.64
0,2,1.64
0,2,1.64
0,2,1.64
0,2,1.64
0,2,1.64
0,2,1.64
0,2,1.64
0,2,1.64
0,2,1.64
0,2,1.64
0,2,1.64
0,2,1.64
0,2,1.64
0,2,1.64
0,2,1.64
0,2,1.64
0,2,1.64
0,2,1.64
0,2,1.64
0,2,1.64
0,2,1.64
0,2,1.64
0,2,1.64
0,2,1.64
0,2,1.64
0,2,1.64
0,2,1.64
0,2,1.64
0,2,1.64
0,2,1.64
0,2,1.64
0,2,1.64
0,2,1.64
0,2,1.64
0,2,1.64
0,2,1.64
0,2,1.64
0,2,1.64
0,2,1.64
0,2,1.64
0,2,1.64
0,2,1.64
0,2,1.64
0,2,1.64
0,2,1.64
0,2,1.64
0,2,1.64
0,2,1.64
0,2,1.64
0,2,1.64
0,2,1.64
0,2,1.64
0,2,1.64
0,2,1.64
0,2,1.64
0,2,1.64
0,2,1.64
0,2,1.64
0,2,1.64
0,2,1.64
0,2,1.64
0,2,1.64
0,2,1.64
0,2,1.64
0,2,1.64
0,2,1.64
0,2,1.64
0,2,1.64
0,2,1.64
0,2,1.64
0,2,1.64
0,2,1.64
0,2,1.64
0,2,1.64
0,2,1.64
0,2,1.64
0,2,1.64
0,2,1.64
0,2,1.64
0,2,1.64
0,2,1.64
0,2,1.64
0,2,1.64
0,2,1.64
0,2,1.64
0,2,1.64
0,2,1.64
0,2,1.64
0,2,1.64
0,2,1.64
0,2,1.64
0,2,1.64
0,2,1.64
0,2,1.64
0,2,1.64
0,2,1.64
0,2,1.64
0,2,1.64
0,2,1.64
0,2,1.64
0,2,1.64
0,2,1.64
0,2,1.64
0,2,1.64
0,2,1.64
0,2,1.64
0,2,1.64
0,2,1.64
0,2,1.64
0,2,1.64
0,2,1.64
0,2,1.64
0,2,1.64
0,2,1.64
0,2,1.64
0,2,1.64
0,2,1.64
0,2,1.64
0,2,1.64
0,2,1.64
0,2,1.64
0,2,1.64
0,2,1.64
0,2,1.64
0,2,1.64
0,2,1.64
0,2,1.64
0,2,1.64
0,2,1.64
0,2,1.64
0,2,1.64
0,2,1.64
0,2,1.64
0,2,1.64
0,2,1.64
0,2,1.64
0,2,1.64
0,2,1.64
0,2,1.64
0,2,1.64
0,2,1.64
0,2,1.64
0,2,1.64
0,2,1.64
0,2,1.64
0,2,1.64
0,2,1.64
0,2,1.64
0,2,1.64
0,2,1.64
0,2,1.64
0,2,1.64
0,2,1.64
0,2,1.64
0,2,1.64
0,2,1.64
0,2,1.64
0,2,1.64
0,2,1.64
0,2,1.64
0,2,1.64
0,2,1.64
0,2,1.64
0,2,1.64
0,2,1.64
0,2,1.64
0,2,1.64
0,2,1.64
0,2,1.64
0,2,1.64
0,2,1.64
0,2,1.64
0,2,1.64
0,2,1.64
0,2,1.64
0,2,1.64
0,2,1.64
0,2,1.64
0,2,1.64
0,2,1.64
0,2,1.64
0,2,1.64
0,2,1.64
0,2,1.64
0,2,1.64
0,2,1.64
0,2,1.64
0,2,1.64
0,2,1.64
0,2,1.64
0,2,1.64
0,2,1.64
0,2,1.64
0,2,1.64
0,2,1.64
0,2,1.64
0,2,1.64
0,2,1.64
0,2,1.64
0,2,1.64
0,2,1.64
0,2,1.64
0,2,1.64
0,2,1.64
0,2,1.64
0,2,1.64
0,2,1.64
0,2,1.64
0,2,1.64
0,2,1.64
0,2,1.64
0,2,1.64
0,2,1.64
0,2,1.64
0,2,1.64
0,2,1.64
0,2,1.64
0,2,1.64
0,2,1.64
0,2,1.64
0,2,1.64
0,2,1.64
0,2,1.64
0,2,1.64
0,2,1.64
0,2,1.64
0,2,1.64
0,2,1.64
0,2,1.64
0,2,1.64
0,2,1.64
0,2,1.64
0,2,1.64
0,2,1.64
0,2,1.64
0,2,1.64
0,2,1.64
0,2,1.64
0,2,1.64
0,2,1.64
0,2,1.64
0,2,1.64
0,2,1.64
0,2,1.64
0,2,1.64
0,2,1.64
0,2,1.64
0,2,1.64
0,2,1.64
0,2,1.64
0,2,1.64
0,2,1.64
0,2,1.64
0,2,1.64
0,2,1.64
0,2,1.64
0,2,1.64
0,2,1.64
0,2,1.64
0,2,1.64
0,2,1.64
0,2,1.64
0,2,1.64
0,2,1.64
0,2,1.64
0,2,1.64
0,2,1.64
0,2,1.64
0,2,1.64
0,2,1.64
0,2,1.64
0,2,1.64
0,2,1.64
0,2,1.64
0,2,1.64
0,2,1.64
0,2,1.64
0,2,1.64
0,2,1.64
0,2,1.64
0,2,1.64
0,2,1.64
0,2,1.64
0,2,1.64
0,2,1.64
0,2,1.64
0,2,1.64
0,2,1.64
0,2,1.64
0,2,1.64
0,2,1.64
0,2,1.64
0,2,1.64
0,2,1.64
0,2,1.64
0,2,1.64
0,2,1.64
0,2,1.64
0,2,1.64
0,2,1.64
0,2,1.64
0,2,1.64
0,2,1.64
0,2,1.64
0,2,1.64
0,2,1.64
0,2,1.64
0,2,1.64
0,2,1.64
0,2,1.64
0,2,1.64
0,2,1.64
0,2,1.64
0,2,1.64
0,2,1.64
0,2,1.64
0,2,1.64
0,2,1.64
0,2,1.64
0,2,1.64
0,2,1.64
0,2,1.64
0,2,1.64
0,2,1.64
0,2,1.64
0,2,1.64
0,2,1.64
0,2,1.64
0,2,1.64
0,2,1.64
0,2,1.64
0,2,1.64
0,2,1.64
0,2,1.64
0,2,1.64
0,2,1.64
0,2,1.64
0,2,1.64
0,2,1.64
0,2,1.64
0,2,1.64
0,2,1.64
0,2,1.64
0,2,1.64
0,2,1.64
0,2,1.64
0,2,1.64
0,2,1.64
0,2,1.64
0,2,1.64
0,2,1.64
0,2,1.64
0,2,1.64
0,2,1.64
0,2,1.64
0,2,1.64
0,2,1.64
0,2,1.64
0,2,1.64
0,2,1.64
0,2,1.64
0,2,1.64
0,2,1.64
0,2,1.64
0,2,1.64
0,2,1.64
0,2,1.64
0,2,1.64
0,2,1.64
0,2,1.64
0,2,1.64
0,2,1.64
0,2,1.64
0,2,1.64
0,2,1.64
0,2,1.64
0,2,1.64
0,2,1.64
0,2,1.64
0,2,1.64
0,2,1.64
0,2,1.64
0,2,1.64
0,2,1.64
0,2,1.64
0,2,1.64
0,2,1.64
0,2,1.64
0,2,1.64
0,2,1.64
0,2,1.64
0,2,1.64
0,2,1.64
0,2,1.64
0,2,1.64
0,2,1.64
0,2,1.64
0,2,1.64
0,2,1.64
0,2,1.64
0,2,1.64
0,2,1.64
0,2,1.64
0,2,1.64
0,2,1.64
0,2,1.64
0,2,1.64
0,2,1.64
0,2,1.64
0,2,1.64
0,2,1.64
0,2,1.64
0,2,1.64
0,2,1.64
0,2,1.64
0,2,1.64
0,2,1.64
0,2,1.64
0,2,1.64
0,2,1.64
0,2,1.64
0,2,1.64
0,2,1.64
0,2,1.64
0,2,1.64
0,2,1.64
0,2,1.64
0,2,1.64
0,2,1.64
0,2,1.64
0,2,1.64
0,2,1.64
0,2,1.64
0,2,1.64
0,2,1.64
0,2,1.64
0,2,1.64
0,2,1.64
0,2,1.64
0,2,1.64
0,2,1.64
0,2,1.64
0,2,1.64
0,2,1.64
0,2,1.64
0,2,1.64
0,2,1.64
0,2,1.64
0,2,1.64
0,2,1.64
0,2,1.64
0,2,1.64
0,2,1.64
0,2,1.64
0,2,1.64
0,2,1.64
0,2,1.64
0,2,1.64
0,2,1.64
0,2,1.64
0,2,1.64
0,2,1.64
0,2,1.64
0,2,1.64
0,2,1.64
0,2,1.64
0,2,1.64
0,2,1.64
0,2,1.64
0,2,1.64
0,2,1.64
0,2,1.64
0,2,1.64
0,2,1.64
0,2,1.64
0,2,1.64
0,2,1.64
0,2,1.64
0,2,1.64
0,2,1.64
0,2,1.64
0,2,1.64
0,2,1.64
0,2,1.64
0,2,1.64
0,2,1.64
0,2,1.64
0,2,1.64
0,2,1.64
0,2,1.64
0,2,1.64
0,2,1.64
0,2,1.64
0,2,1.64
0,2,1.64
0,2,1.64
0,2,1.64
0,2,1.64
0,2,1.64
0,2,1.64
0,2,1.64
0,2,1.64
0,2,1.64
0,2,1.64
0,2,1.64
0,2,1.64
0,2,1.64
0,2,1.64
0,2,1.64
0,2,1.64
0,2,1.64
0,2,1.64
0,2,1.64
0,2,1.64
0,2,1.64
0,2,1.64
0,2,1.64
0,2,1.64
0,2,1.64
0,2,1.64
0,2,1.64
0,2,1.64
0,2,1.64
0,2,1.64
0,2,1.64
0,2,1.64
0,2,1.64
0,2,1.64
0,2,1.64
0,2,1.64
0,2,1.64
0,2,1.64
0,2,1.64
0,2,1.64
0,2,1.64
0,2,1.64
0,2,1.64
0,2,1.64
0,2,1.64
0,2,1.64
0,2,1.64
0,2,1.64
0,2,1.64
0,2,1.64
0,2,1.64
0,2,1.64
0,2,1.64
0,2,1.64
0,2,1.64
0,2,1.64
0,2,1.64
0,2,1.64
0,2,1.64
0,2,1.64
0,2,1.64
0,2,1.64
0,2,1.64
0,2,1.64
0,2,1.64
0,2,1.64
0,2,1.64
0,2,1.64
0,2,1.64
0,2,1.64
0,2,1.64
0,2,1.64
0,2,1.64
0,2,1.64
0,2,1.64
0,2,1.64
0,2,1.64
0,2,1.64
0,2,1.64
0,2,1.64
0,2,1.64
0,2,1.64
0,2,1.64
0,2,1.64
0,2,1.64
0,2,1.64
0,2,1.64
0,2,1.64
0,2,1.64
0,2,1.64
0,2,1.64
0,2,1.64
0,2,1.64
0,2,1.64
0,2,1.64
0,2,1.64
0,2,1.64
0,2,1.64
0,2,1.64
0,2,1.64
0,2,1.64
0,2,1.64
0,2,1.64
0,2,1.64
0,2,1.64
0,2,1.64
0,2,1.64
0,2,1.64
0,2,1.64
0,2,1.64
0,2,1.64
0,2,1.64
0,2,1.64
0,2,1.64
0,2,1.64
0,2,1.64
0,2,1.64
0,2,1.64
0,2,1.64
0,2,1.64
0,2,1.64
0,2,1.64
0,2,1.64
0,2,1.64
0,2,1.64
0,2,1.64
0,2,1.64
0,2,1.64
0,2,1.64
0,2,1.64
0,2,1.64
0,2,1.64
0,2,1.64
0,2,1.64
0,2,1.64
0,2,1.64
0,2,1.64
0,2,1.64
0,2,1.64
0,2,1.64
0,2,1.64
0,2,1.64
0,2,1.64
0,2,1.64
0,2,1.64
0,2,1.64
0,2,1.64
0,2,1.64
0,2,1.64
0,2,1.64
0,2,1.64
0,2,1.64
0,2,1.64
0,2,1.64
0,2,1.64
0,2,1.64
0,2,1.64
0,2,1.64
0,2,1.64
0,2,1.64
0,2,1.64
0,2,1.64
0,2,1.64
0,2,1.64
0,2,1.64
0,2,1.64
0,2,1.64
0,2,1.64
0,2,1.64
0,2,1.64
0,2,1.64
0,2,1.64
0,2,1.64
0,2,1.64
0,2,1.64
0,2,1.64
0,2,1.64
0,2,1.64
0,2,1.64
0,2,1.64
0,2,1.64
0,2,1.64
0,2,1.64
0,2,1.64
0,2,1.64
0,2,1.64
0,2,1.64
0,2,1.64
0,2,1.64
0,2,1.64
0,2,1.64
0,2,1.64
0,2,1.64
0,2,1.64
0,2,1.64
0,2,1.64
0,2,1.64
0,2,1.64
0,2,1.64
0,2,1.64
0,2,1.64
0,2,1.64
0,2,1.64
0,2,1.64
0,2,1.64
0,2,1.64
0,2,1.64
0,2,1.64
0,2,1.64
0,2,1.64
0,2,1.64
0,2,1.64
0,2,1.64
0,2,1.64
0,2,1.64
0,2,1.64
0,2,1.64
0,2,1.64
0,2,1.64
0,2,1.64
0,2,1.64
0,2,1.64
0,2,1.64
0,2,1.64
0,2,1.64
0,2,1.64
0,2,1.64
0,2,1.64
0,2,1.64
0,2,1.64
0,2,1.64
0,2,1.64
0,2,1.64
0,2,1.64
0,2,1.64
0,2,1.64
0,2,1.64
0,2,1.64
0,2,1.64
0,2,1.64
0,2,1.64
0,2,1.64
0,2,1.64
0,2,1.64
0,2,1.64
0,2,1.64
0,2,1.64
0,2,1.64
0,2,1.64
0,2,1.64
0,2,1.64
0,2,1.64
0,2,1.64
0,2,1.64
0,2,1.64
0,2,1.64
0,2,1.64
0,2,1.64
0,2,1.64
0,2,1.64
0,2,1.64
0,2,1.64
0,2,1.64
0,2,1.64
0,2,1.64
0,2,1.64
0,2,1.64
0,2,1.64
0,2,1.64
0,2,1.64
0,2,1.64
0,2,1.64
0,2,1.64
0,2,1.64
0,2,1.64
0,2,1.64
0,2,1.64
0,2,1.64
0,2,1.64
0,2,1.64
0,2,1.64
0,2,1.64
0,2,1.64
0,2,1.64
0,2,1.64
0,2,1.64
0,2,1.64
0,2,1.64
0,2,1.64
0,2,1.64
0,2,1.64
0,2,1.64
0,2,1.64
0,2,1.64
0,2,1.64
0,2,1.64
0,2,1.64
0,2,1.64
0,2,1.64
0,2,1.64
0,2,1.64
0,2,1.64
0,2,1.64
0,2,1.64
0,2,1.64
0,2,1.64
0,2,1.64
0,2,1.64
0,2,1.64
0,2,1.64
0,2,1.64
0,2,1.64
0,2,1.64
0,2,1.64
0,2,1.64
0,2,1.64
0,2,1.64
0,2,1.64
0,2,1.64
0,2,1.64
0,2,1.64
0,2,1.64
0,2,1.64
0,2,1.64
0,2,1.64
0,2,1.64
0,2,1.64
0,2,1.64
0,2,1.64
0,2,1.64
0,2,1.64
0,2,1.64
0,2,1.64
0,2,1.64
0,2,1.64
0,2,1.64
0,2,1.64
0,2,1.64
0,2,1.64
0,2,1.64
0,2,1.64
0,2,1.64
0,2,1.64
0,2,1.64
0,2,1.64
0,2,1.64
0,2,1.64
0,2,1.64
0,2,1.64
0,2,1.64
0,2,1.64
0,2,1.64
0,2,1.64
0,2,1.64
0,2,1.64
0,2,1.64
0,2,1.64
0,2,1.64
0,2,1.64
0,2,1.64
0,2,1.64
0,2,1.64
0,2,1.64
0,2,1.64
0,2,1.64
0,2,1.64
0,2,1.64
0,2,1.64
0,2,1.64
0,2,1.64
0,2,1.64
0,2,1.64
0,2,1.64
0,2,1.64
0,2,1.64
0,2,1.64
0,2,1.64
0,2,1.64
0,2,1.64
0,2,1.64
0,2,1.64
0,2,1.64
0,2,1.64
0,2,1.64
0,2,1.64
0,2,1.64
0,2,1.64
0,2,1.64
0,2,1.64
0,2,1.64
0,2,1.64
0,2,1.64
0,2,1.64
0,2,1.64
0,2,1.64
0,2,1.64
0,2,1.64
0,2,1.64
0,2,1.64
0,2,1.64
0,2,1.64
0,2,1.64
0,2,1.64
0,2,1.64
0,2,1.64
0,2,1.64
0,2,1.64
0,2,1.64
0,2,1.64
0,2,1.64
0,2,1.64
0,2,1.64
0,2,1.64
0,2,1.64
0,2,1.64
0,2,1.64
0,2,1.64
0,2,1.64
0,2,1.64
0,2,1.64
0,2,1.64
0,2,1.64
0,2,1.64
0,2,1.64
0,2,1.64
0,2,1.64
0,2,1.64
0,2,1.64
0,2,1.64
0,2,1.64
0,2,1.64
0,2,1.64
0,2,1.64
0,2,1.64
0,2,1.64
0,2,1.64
0,2,1.64
0,2,1.64
0,2,1.64
0,2,1.64
0,2,1.64
0,2,1.64
0,2,1.64
0,2,1.64
0,2,1.64
0,2,1.64
0,2,1.64
0,2,1.64
0,2,1.64
0,2,1.64
0,2,1.64
0,2,1.64
0,2,1.64
0,2,1.64
0,2,1.64
0,2,1.64
0,2,1.64
0,2,1.64
0,2,1.64
0,2,1.64
0,2,1.64
0,2,1.64
0,2,1.64
0,2,1.64
0,2,1.64
0,2,1.64
0,2,1.64
0,2,1.64
0,2,1.64
0,2,1.64
0,2,1.64
0,2,1.64
0,2,1.64
0,2,1.64
0,2,1.64
0,2,1.64
0,2,1.64
0,2,1.64
0,2,1.64
0,2,1.64
0,2,1.64
0,2,1.64
0,2,1.64
0,2,1.64
0,2,1.64
0,2,1.64
0,2,1.64
0,2,1.64
0,2,1.64
0,2,1.64
0,2,1.64
0,2,1.64
0,2,1.64
0,2,1.64
0,2,1.64
0,2,1.64
0,2,1.64
0,2,1.64
0,2,1.64
0,2,1.64
0,2,1.64
0,2,1.64
0,2,1.64
0,2,1.64
0,2,1.64
0,2,1.64
0,2,1.64
0,2,1.64
0,2,1.64
0,2,1.64
0,2,1.64
0,2,1.64
0,2,1.64
0,2,1.64
0,2,1.64
0,2,1.64
0,2,1.64
0,2,1.64
0,2,1.64
0,2,1.64
0,2,1.64
0,2,1.64
0,2,1.64
0,2,1.64
0,2,1.64
0,2,1.64
0,2,1.64
0,2,1.64
0,2,1.64
0,2,1.64
0,2,1.64
0,2,1.64
0,2,1.64
0,2,1.64
0,2,1.64
0,2,1.64
0,2,1.64
0,2,1.64
0,2,1.64
0,2,1.64
0,2,1.64
0,2,1.64
0,2,1.64
0,2,1.64
0,2,1.64
0,2,1.64
0,2,1.64
0,2,1.64
0,2,1.64
0,2,1.64
0,2,1.64
0,2,1.64
0,2,1.64
0,2,1.64
0,2,1.64
0,2,1.64
0,2,1.64
0,2,1.64
0,2,1.64
0,2,1.64
0,2,1.64
0,2,1.64
0,2,1.64
0,2,1.64
0,2,1.64
0,2,1.64
0,2,1.64
0,2,1.64
0,2,1.64
0,2,1.64
0,2,1.64
0,2,1.64
0,2,1.64
0,2,1.64
0,2,1.64
0,2,1.64
0,2,1.64
0,2,1.64
0,2,1.64
0,2,1.64
0,2,1.64
0,2,1.64
0,2,1.64
0,2,1.64
0,2,1.64
0,2,1.64
0,2,1.64
0,2,1.64
0,2,1.64
0,2,1.64
0,2,1.64
0,2,1.64
0,2,1.64
0,2,1.64
0,2,1.64
0,2,1.64
0,2,1.64
0,2,1.64
0,2,1.64
0,2,1.64
0,2,1.64
0,2,1.64
0,2,1.64
0,2,1.64
0,2,1.64
0,2,1.64
0,2,1.64
0,2,1.64
0,2,1.64
0,2,1.64
0,2,1.64
0,2,1.64
0,2,1.64
0,2,1.64
0,2,1.64
0,2,1.64
0,2,1.64
0,2,1.64
0,2,1.64
0,2,1.64
0,2,1.64
0,2,1.64
0,2,1.64
0,2,1.64
0,2,1.64
0,2,1.64
0,2,1.64
0,2,1.64
0,2,1.64
0,2,1.64
0,2,1.64
0,2,1.64
0,2,1.64
0,2,1.64
0,2,1.64
0,2,1.64
0,2,1.64
0,2,1.64
0,2,1.64
0,2,1.64
0,2,1.64
0,2,1.64
0,2,1.64
0,2,1.64
0,2,1.64
0,2,1.64
0,2,1.64
0,2,1.64
0,2,1.64
0,2,1.64
0,2,1.64
0,2,1.64
0,2,1.64
0,2,1.64
0,2,1.64
0,2,1.64
0,2,1.64
0,2,1.64
0,2,1.64
0,2,1.64
0,2,1.64
0,2,1.64
0,2,1.64
0,2,1.64
0,2,1.64
0,2,1.64
0,2,1.64
0,2,1.64
0,2,1.64
0,2,1.64
0,2,1.64
0,2,1.64
0,2,1.64
0,2,1.64
0,2,1.64
0,2,1.64
0,2,1.64
0,2,1.64
0,2,1.64
0,2,1.64
0,2,1.64
0,2,1.64
0,2,1.64
0,2,1.64
0,2,1.64
0,2,1.64
0,2,1.64
0,2,1.64
0,2,1.64
0,2,1.64
0,2,1.64
0,2,1.64
0,2,1.64
0,2,1.64
0,2,1.64
0,2,1.64
0,2,1.64
0,2,1.64
0,2,1.64
0,2,1.64
0,2,1.64
0,2,1.64
0,2,1.64
0,2,1.64
0,2,1.64
0,2,1.64
0,2,1.64
0,2,1.64
0,2,1.64
0,2,1.64
0,2,1.64
0,2,1.64
0,2,1.64
0,2,1.64
0,2,1.64
0,2,1.64
0,2,1.64
0,2,1.64
0,2,1.64
0,2,1.64
0,2,1.64
0,2,1.64
0,2,1.64
0,2,1.64
0,2,1.64
0,2,1.64
0,2,1.64
0,2,1.64
0,2,1.64
0,2,1.64
0,2,1.64
0,2,1.64
0,2,1.64
0,2,1.64
0,2,1.64
0,2,1.64
0,2,1.64
0,2,1.64
0,2,1.64
0,2,1.64
0,2,1.64
0,2,1.64
0,2,1.64
0,2,1.64
0,2,1.64
0,2,1.64
0,2,1.64
0,2,1.64
0,2,1.64
0,2,1.64
0,2,1.64
0,2,1.64
0,2,1.64
0,2,1.64
0,2,1.64
0,2,1.64
0,2,1.64
0,2,1.64
0,2,1.64
0,2,1.64
0,2,1.64
0,2,1.64
0,2,1.64
0,2,1.64
0,2,1.64
0,2,1.64
0,2,1.64
0,2,1.64
0,2,1.64
0,2,1.64
0,2,1.64
0,2,1.64
0,2,1.64
0,2,1.64
0,2,1.64
0,1.99,1.64
0,1.98,1.64
0,1.96,1.64
0,1.94,1.64
-0.01,1.9,1.59
-0.01,1.88,1.57
-0.01,1.85,1.57
-0.01,1.82,1.57
-0.01,1.78,1.57
-0.01,1.74,1.57
-0.01,1.69,1.57
-0.01,1.64,1.57
-0.01,1.58,1.57
-0.01,1.52,1.57
-0.01,1.46,1.57
-0.01,1.39,1.57
-0.01,1.32,1.57
-0.01,1.25,1.57
-0.01,1.17,1.57
-0.01,1.09,1.57
-0.01,1,1.57
-0.01,0.91,1.57
-0.01,0.82,1.57
-0.01,0.72,1.57
-0.01,0.62,1.57
-0.01,0.51,1.57
-0.01,0.4,1.57
-0.01,0.29,1.57
-0.01,0.17,1.57
-0.01,0.05,1.57
-0.01,0.09999999,1.57
-0.01,0.11,1.57
-0.01,0.11,1.57
-0.01,0.11,1.57
-0.01,0.11,1.57
-0.01,0.11,1.57
-0.01,0.11,1.57
-0.01,0.11,1.57
-0.01,0.11,1.57
-0.01,0.11,1.57
-0.01,0.11,1.57
-0.01,0.11,1.57
-0.01,0.11,1.57
-0.01,0.11,1.57
-0.01,0.11,1.57
-0.01,0.11,1.57
-0.01,0.11,1.57
-0.01,0.11,1.57
-0.01,0.11,1.57
-0.01,0.11,1.57
-0.01,0.11,1.57
-0.01,0.11,1.57
-0.01,0.11,1.57
-0.01,0.11,1.57
-0.01,0.11,1.57
-0.01,0.11,1.57
-0.01,0.11,1.57
-0.01,0.11,1.57
-0.01,0.11,1.57
-0.01,0.11,1.57
-0.01,0.11,1.57
-0.01,0.11,1.57
-0.01,0.11,1.57
-0.01,0.11,1.57
-0.01,0.11,1.57
-0.01,0.11,1.57
-0.01,0.11,1.57
-0.01,0.11,1.57
-0.01,0.11,1.57
-0.01,0.11,1.57
-0.01,0.11,1.57
-0.01,0.11,1.57
-0.01,0.11,1.57
-0.01,0.11,1.57
-0.01,0.11,1.57
-0.01,0.11,1.57
-0.01,0.11,1.57
-0.01,0.11,1.57
-0.01,0.11,1.57
-0.01,0.11,1.57
-0.01,0.11,1.57
-0.01,0.11,1.57
-0.01,0.11,1.57
-0.01,0.11,1.57
-0.01,0.11,1.57
-0.01,0.11,1.57
-0.01,0.11,1.57
-0.01,0.11,1.57
-0.01,0.11,1.57
-0.01,0.11,1.57
-0.01,0.11,1.57
-0.01,0.11,1.57
-0.01,0.11,1.57
-0.01,0.11,1.57
-0.01,0.11,1.57
-0.01,0.11,1.57
-0.01,0.11,1.57
-0.01,0.11,1.57
-0.01,0.11,1.57
-0.01,0.11,1.57
-0.01,0.11,1.57
-0.01,0.11,1.57
-0.01,0.11,1.57
-0.01,0.11,1.57
-0.01,0.11,1.57
-0.01,0.11,1.57
-0.01,0.11,1.57
-0.01,0.11,1.57
-0.01,0.11,1.57
-0.01,0.11,1.57
-0.03,0.11,1.59
-0.04,0.11,1.59
-0.06,0.11,1.59
-0.08,0.11,1.6
-0.09999999,0.11,1.6
-0.13,0.11,1.61
-0.15,0.11,1.61
-0.16,0.11,1.62
-0.18,0.11,1.62
-0.2,0.11,1.63
-0.22,0.11,1.64
-0.24,0.11,1.65
-0.24,0.11,1.65
-0.24,0.11,1.65
-0.24,0.11,1.65
-0.24,0.11,1.65
-0.24,0.11,1.65
-0.24,0.11,1.65
-0.24,0.11,1.65
-0.24,0.11,1.65
-0.24,0.11,1.65
-0.24,0.11,1.65
-0.24,0.11,1.65
-0.24,0.11,1.65
-0.22,0.11,1.65
-0.21,0.11,1.64
-0.18,0.11,1.64
-0.17,0.11,1.63
-0.15,0.11,1.63
-0.14,0.11,1.63
-0.14,0.11,1.63
-0.14,0.11,1.63
-0.14,0.11,1.63
-0.14,0.11,1.63
-0.14,0.11,1.63
-0.14,0.11,1.63
-0.14,0.11,1.63
-0.14,0.11,1.63
-0.14,0.11,1.63
-0.14,0.11,1.63
-0.14,0.11,1.63
-0.14,0.11,1.63
-0.14,0.11,1.63
-0.14,0.11,1.63
-0.14,0.11,1.63
-0.14,0.11,1.63
-0.14,0.11,1.63
-0.14,0.11,1.63
-0.14,0.11,1.63
-0.14,0.11,1.63
-0.14,0.11,1.63
-0.14,0.11,1.63
-0.14,0.11,1.63
-0.14,0.11,1.63
-0.14,0.11,1.63
-0.14,0.11,1.63
-0.14,0.11,1.63
-0.14,0.11,1.63
-0.14,0.11,1.63
-0.14,0.11,1.63
-0.14,0.11,1.63
-0.14,0.11,1.63
-0.14,0.11,1.63
-0.14,0.11,1.63
-0.14,0.11,1.63
-0.14,0.11,1.63
-0.14,0.11,1.63
-0.14,0.11,1.63
-0.14,0.11,1.63
-0.14,0.11,1.63
-0.14,0.11,1.63
-0.14,0.11,1.63
-0.14,0.11,1.63
-0.14,0.11,1.63
-0.14,0.11,1.63
-0.14,0.11,1.63
-0.14,0.11,1.63
-0.14,0.11,1.63
-0.14,0.11,1.63
-0.14,0.11,1.63
-0.14,0.11,1.63
-0.14,0.11,1.63
-0.14,0.11,1.63
-0.14,0.11,1.63
-0.14,0.11,1.63
-0.14,0.11,1.63
-0.14,0.11,1.63
-0.14,0.11,1.63
-0.14,0.11,1.63
-0.14,0.11,1.63
-0.14,0.11,1.63
-0.14,0.11,1.63
-0.14,0.11,1.63
-0.14,0.11,1.63
-0.14,0.11,1.63
-0.14,0.11,1.63
-0.14,0.11,1.63
-0.14,0.11,1.63
-0.14,0.11,1.63
-0.14,0.11,1.63
-0.14,0.11,1.63
-0.14,0.11,1.63
-0.14,0.11,1.63
-0.14,0.11,1.63
-0.14,0.11,1.63
-0.14,0.11,1.63
-0.14,0.11,1.63
-0.14,0.11,1.63
-0.14,0.11,1.63
-0.14,0.11,1.63
-0.14,0.11,1.63
-0.14,0.11,1.63
-0.14,0.11,1.63
-0.14,0.11,1.63
-0.14,0.11,1.63
-0.14,0.11,1.63
-0.14,0.11,1.63
-0.14,0.11,1.63
-0.14,0.11,1.63
-0.14,0.11,1.63
-0.14,0.11,1.63
-0.14,0.11,1.63
-0.14,0.11,1.63
-0.14,0.11,1.63
-0.14,0.11,1.63
-0.14,0.11,1.63
-0.14,0.11,1.63
-0.14,0.11,1.63
-0.14,0.11,1.63
-0.14,0.11,1.63
-0.14,0.11,1.63
-0.14,0.11,1.63
-0.14,0.11,1.63
-0.14,0.11,1.63
-0.14,0.11,1.63
-0.14,0.11,1.63
-0.14,0.11,1.63
-0.14,0.11,1.63
-0.14,0.11,1.63
-0.14,0.11,1.63
-0.14,0.11,1.63
-0.14,0.11,1.63
-0.14,0.11,1.63
-0.14,0.11,1.63
-0.14,0.11,1.63
-0.14,0.11,1.63
-0.14,0.11,1.63
-0.14,0.11,1.63
-0.14,0.11,1.63
-0.14,0.11,1.63
-0.14,0.11,1.63
-0.14,0.11,1.63
-0.14,0.11,1.63
-0.14,0.11,1.63
-0.14,0.11,1.63
-0.14,0.11,1.63
-0.14,0.11,1.63
-0.14,0.11,1.63
-0.14,0.11,1.63
-0.14,0.11,1.63
-0.14,0.11,1.63
-0.14,0.11,1.63
-0.14,0.11,1.63
-0.14,0.11,1.63
-0.14,0.11,1.63
-0.14,0.11,1.63
-0.14,0.11,1.63
-0.14,0.11,1.63
-0.14,0.11,1.63
-0.14,0.11,1.63
-0.14,0.11,1.63
-0.14,0.11,1.63
-0.14,0.11,1.63
-0.14,0.11,1.63
-0.14,0.11,1.63
-0.14,0.11,1.63
-0.14,0.11,1.63
-0.14,0.11,1.63
-0.14,0.11,1.63
-0.14,0.11,1.63
-0.14,0.11,1.63
-0.14,0.11,1.63
-0.14,0.11,1.63
-0.14,0.11,1.63
-0.14,0.11,1.63
-0.14,0.11,1.63
-0.14,0.11,1.63
-0.14,0.11,1.63
-0.14,0.11,1.63
-0.14,0.11,1.63
-0.14,0.11,1.63
-0.14,0.11,1.63
-0.14,0.11,1.63
-0.14,0.11,1.63
-0.14,0.11,1.63
-0.14,0.11,1.63
-0.14,0.11,1.63
-0.14,0.11,1.63
-0.14,0.11,1.63
-0.14,0.11,1.63
-0.14,0.11,1.63
-0.14,0.11,1.63
-0.14,0.11,1.63
-0.14,0.11,1.63
-0.14,0.11,1.63
-0.14,0.11,1.63
-0.14,0.11,1.63
-0.14,0.11,1.63
-0.14,0.11,1.63
-0.14,0.11,1.63
-0.14,0.11,1.63
-0.14,0.11,1.63
-0.14,0.11,1.63
-0.14,0.11,1.63
-0.14,0.11,1.63
-0.14,0.11,1.63
-0.14,0.11,1.63
-0.14,0.11,1.63
-0.14,0.11,1.63
-0.14,0.11,1.63
-0.14,0.11,1.63
-0.14,0.11,1.63
-0.14,0.11,1.63
-0.14,0.11,1.63
-0.14,0.11,1.63
-0.13,0.11,1.64
-0.12,0.11,1.65
-0.09999999,0.11,1.65
-0.09,0.11,1.65
-0.05,0.11,1.65
-0.03,0.11,1.64
-0.02,0.11,1.63
0,0.11,1.62
0,0.11,1.62
0,0.11,1.62
0,0.11,1.62
0,0.11,1.62
0,0.11,1.62
0,0.11,1.62
0,0.11,1.62
0,0.11,1.62
0,0.11,1.62
0,0.11,1.62
0,0.11,1.62
0,0.11,1.62
0,0.11,1.62
0,0.11,1.62
0.01,0.11,1.62
0.04,0.11,1.63
0.05,0.11,1.63
0.09,0.11,1.63
0.11,0.11,1.63
0.11,0.11,1.63
0.14,0.11,1.62
0.15,0.11,1.62
0.17,0.11,1.61
0.17,0.11,1.61
0.17,0.11,1.61
0.17,0.11,1.61
0.17,0.11,1.61
0.17,0.11,1.61
0.17,0.11,1.61
0.17,0.11,1.61
0.17,0.11,1.61
0.17,0.11,1.61
0.17,0.11,1.61
0.17,0.11,1.61
0.17,0.11,1.61
0.17,0.11,1.61
0.17,0.11,1.61
0.18,0.11,1.61
0.21,0.11,1.61
0.23,0.11,1.61
0.24,0.11,1.61
0.26,0.11,1.61
0.29,0.11,1.61
0.31,0.11,1.61
0.32,0.11,1.61
0.34,0.11,1.61
0.36,0.11,1.61
0.39,0.11,1.6
0.41,0.11,1.6
0.42,0.11,1.6
0.44,0.11,1.6
0.46,0.16,1.6
0.49,0.22,1.6
0.5,0.26,1.59
0.52,0.31,1.59
0.54,0.35,1.59
0.55,0.39,1.59
0.59,0.42,1.58
0.6,0.45,1.58
0.62,0.47,1.58
0.64,0.49,1.57
0.65,0.51,1.57
0.68,0.52,1.56
0.7,0.53,1.56
0.72,0.54,1.56
0.73,0.54,1.55
0.75,0.53,1.55
0.76,0.53,1.55
0.78,0.52,1.54
0.81,0.5,1.53
0.83,0.48,1.53
0.84,0.46,1.52
0.87,0.43,1.51
0.89,0.4,1.51
0.91,0.37,1.5
0.92,0.33,1.5
0.94,0.29,1.49
0.97,0.24,1.48
0.98,0.19,1.48
1,0.14,1.47
1.01,0.08,1.47
1.05,0.02,1.46
1.06,-0.04,1.45
1.08,-0.11,1.44
1.09,-0.11,1.44
1.1,-0.11,1.43
1.13,-0.09999999,1.42
1.15,-0.09999999,1.42
1.15,-0.09,1.41
1.16,-0.09,1.41
1.15,-0.09,1.41
1.16,-0.09,1.4
1.14,-0.09,1.4
1.15,-0.09,1.39
1.16,-0.09,1.38
1.14,-0.09,1.39
1.13,-0.09,1.39
1.13,-0.09,1.39
1.13,-0.09,1.39
1.13,-0.09,1.39
1.13,-0.09,1.39
1.13,-0.09,1.39
1.13,-0.03,1.39
1.13,0.02,1.39
1.15,0.07,1.38
1.17,0.11,1.38
1.2,0.15,1.37
1.22,0.19,1.37
1.23,0.22,1.36
1.25,0.25,1.36
1.26,0.27,1.35
1.3,0.3,1.35
1.31,0.31,1.34
1.33,0.32,1.34
1.34,0.33,1.33
1.36,0.34,1.33
1.36,0.34,1.33
1.36,0.34,1.33
1.36,0.33,1.33
1.36,0.32,1.33
1.36,0.31,1.33
1.36,0.29,1.33
1.36,0.26,1.33
1.36,0.24,1.33
1.36,0.21,1.33
1.36,0.17,1.33
1.36,0.14,1.33
1.36,0.09,1.33
1.36,0.05,1.33
1.36,0.04,1.33
1.36,0.04,1.33
1.36,0.04,1.33
1.36,0.04,1.33
1.36,0.04,1.33
1.36,0.04,1.33
1.36,0.04,1.33
1.36,0.04,1.33
1.36,0.04,1.33
1.36,0.04,1.33
1.36,0.04,1.33
1.36,0.04,1.33
1.36,0.04,1.33
1.36,0.04,1.33
1.36,0.04,1.33
1.36,0.04,1.33
1.36,0.04,1.33
1.36,0.04,1.33
1.36,0.04,1.33
1.36,0.04,1.33
1.36,0.04,1.33
1.38,0.04,1.32
1.39,0.09999999,1.32
1.42,0.15,1.31
1.43,0.2,1.31
1.45,0.24,1.3
1.48,0.28,1.29
1.49,0.32,1.28
1.51,0.35,1.28
1.52,0.38,1.27
1.54,0.41,1.26
1.57,0.43,1.25
1.58,0.44,1.24
1.6,0.46,1.24
1.62,0.47,1.23
1.62,0.47,1.23
1.62,0.47,1.23
1.62,0.47,1.23
1.62,0.46,1.23
1.62,0.45,1.23
1.62,0.44,1.23
1.62,0.42,1.23
1.62,0.4,1.23
1.62,0.37,1.23
1.62,0.34,1.23
1.62,0.31,1.23
1.62,0.27,1.23
1.62,0.23,1.23
1.62,0.18,1.23
1.62,0.19,1.23
1.62,0.19,1.23
1.62,0.19,1.23
1.62,0.19,1.23
1.62,0.19,1.23
1.62,0.19,1.23
1.62,0.19,1.23
1.62,0.19,1.23
1.62,0.19,1.23
1.62,0.19,1.23
1.62,0.19,1.23
1.62,0.19,1.23
1.62,0.19,1.23
1.62,0.19,1.23
1.62,0.19,1.23
1.62,0.19,1.23
1.62,0.19,1.23
1.62,0.19,1.23
1.62,0.19,1.23
1.62,0.19,1.23
1.62,0.19,1.23
1.62,0.19,1.23
1.62,0.19,1.23
1.62,0.19,1.23
1.62,0.19,1.23
1.62,0.19,1.23
1.62,0.19,1.23
1.62,0.19,1.23
1.62,0.19,1.23
1.62,0.19,1.23
1.62,0.19,1.23
1.62,0.19,1.23
1.62,0.19,1.23
1.62,0.19,1.23
1.62,0.19,1.23
1.62,0.19,1.23
1.62,0.19,1.23
1.62,0.19,1.23
1.62,0.19,1.23
1.62,0.19,1.23
1.62,0.19,1.23
1.62,0.19,1.23
1.62,0.19,1.23
1.62,0.19,1.23
1.62,0.19,1.23
1.62,0.19,1.23
1.62,0.19,1.23
1.62,0.19,1.23
1.62,0.19,1.23
1.62,0.19,1.23
1.62,0.19,1.23
1.62,0.19,1.23
1.62,0.19,1.23
1.62,0.19,1.23
1.62,0.19,1.23
1.62,0.19,1.23
1.62,0.19,1.23
1.62,0.19,1.23
1.62,0.19,1.23
1.62,0.19,1.23
1.62,0.19,1.23
1.62,0.19,1.23
1.62,0.19,1.23
1.62,0.19,1.23
1.62,0.19,1.23
1.62,0.19,1.23
1.62,0.19,1.23
1.62,0.19,1.23
1.62,0.19,1.23
1.62,0.19,1.23
1.62,0.19,1.23
1.62,0.19,1.23
1.62,0.19,1.23
1.62,0.19,1.23
1.62,0.19,1.23
1.62,0.19,1.23
1.62,0.19,1.23
1.62,0.19,1.23
1.62,0.19,1.23
1.62,0.19,1.23
1.62,0.19,1.23
1.62,0.19,1.23
1.62,0.19,1.23
1.62,0.19,1.23
1.62,0.19,1.23
1.62,0.19,1.23
1.62,0.19,1.23
1.62,0.19,1.23
1.62,0.19,1.23
1.62,0.19,1.23
1.62,0.19,1.23
1.62,0.19,1.23
1.62,0.19,1.23
1.62,0.19,1.23
1.62,0.19,1.23
1.62,0.19,1.23
1.62,0.19,1.23
1.62,0.19,1.23
1.62,0.19,1.23
1.62,0.19,1.23
1.62,0.19,1.23
1.62,0.19,1.23
1.62,0.19,1.23
1.62,0.19,1.23
1.62,0.19,1.23
1.62,0.19,1.23
1.62,0.19,1.23
1.62,0.19,1.23
1.62,0.19,1.23
1.62,0.19,1.23
1.62,0.19,1.23
1.62,0.19,1.23
1.62,0.19,1.23
1.62,0.19,1.23
1.62,0.19,1.23
1.62,0.19,1.23
1.62,0.19,1.23
1.62,0.19,1.23
1.62,0.19,1.23
1.62,0.19,1.23
1.62,0.19,1.23
1.62,0.19,1.23
1.62,0.19,1.23
1.62,0.19,1.23
1.62,0.19,1.23
1.62,0.19,1.23
1.62,0.19,1.23
1.62,0.19,1.23
1.62,0.19,1.23
1.62,0.19,1.23
1.62,0.19,1.23
1.62,0.19,1.23
1.62,0.19,1.23
1.62,0.19,1.23
1.62,0.19,1.23
1.63,0.19,1.22
1.64,0.19,1.22
1.67,0.19,1.2
1.68,0.19,1.2
1.69,0.19,1.19
1.72,0.19,1.17
1.73,0.19,1.16
1.73,0.19,1.16
1.74,0.19,1.15
1.74,0.19,1.15
1.74,0.19,1.15
1.72,0.19,1.15
1.72,0.19,1.14
1.73,0.19,1.13
1.72,0.19,1.12
1.73,0.19,1.11
1.73,0.19,1.09
1.74,0.19,1.08
1.76,0.19,1.07
1.77,0.19,1.06
1.8,0.19,1.03
1.81,0.19,1.02
1.82,0.19,1.01
1.83,0.19,1
1.84,0.19,0.98
1.86,0.19,0.96
1.87,0.19,0.95
1.88,0.19,0.93
1.89,0.19,0.92
1.9,0.19,0.91
1.92,0.19,0.88
1.94,0.19,0.87
1.95,0.19,0.86
1.97,0.19,0.85
1.97,0.18,0.85
1.99,0.18,0.83
2.01,0.18,0.82
2.03,0.17,0.81
2.05,0.16,0.8
2.07,0.14,0.8
2.1,0.12,0.79
2.11,0.09999999,0.78
2.13,0.07,0.78
2.14,0.04,0.77
2.16,0,0.76
2.19,-0.04,0.75
2.21,-0.08,0.75
2.22,-0.13,0.76
2.23,-0.18,0.77
2.24,-0.24,0.78
2.26,-0.3,0.81
2.27,-0.36,0.83
2.27,-0.43,0.84
2.28,-0.5,0.86
2.29,-0.58,0.87
2.3,-0.65,0.9
2.3,-0.74,0.92
2.29,-0.82,0.93
2.28,-0.91,0.95
2.28,-1.01,0.95
2.28,-0.97,0.95
2.28,-0.97,0.95
2.28,-0.97,0.95
2.28,-0.97,0.95
2.28,-0.97,0.95
2.28,-0.97,0.95
2.28,-0.97,0.95
2.28,-0.97,0.95
2.28,-0.97,0.95
2.28,-0.97,0.95
2.28,-0.97,0.95
2.28,-0.97,0.95
2.28,-0.97,0.95
2.28,-0.97,0.95
2.28,-0.97,0.95
2.28,-0.97,0.95
2.28,-0.97,0.95
2.28,-0.97,0.95
2.28,-0.97,0.95
2.28,-0.97,0.95
2.28,-0.97,0.95
2.28,-0.97,0.95
2.28,-0.97,0.95
2.28,-0.97,0.95
2.28,-0.97,0.95
2.28,-0.97,0.95
2.28,-0.97,0.95
2.28,-0.97,0.95
2.28,-0.97,0.95
2.28,-0.97,0.95
2.28,-0.97,0.95
2.28,-0.97,0.95
2.28,-0.97,0.95
2.28,-0.97,0.95
2.28,-0.97,0.95
2.28,-0.97,0.95
2.28,-0.97,0.95
2.28,-0.97,0.95
2.28,-0.97,0.95
2.28,-0.97,0.95
2.28,-0.97,0.95
2.28,-0.97,0.95
2.28,-0.97,0.95
2.28,-0.97,0.95
2.28,-0.97,0.95
2.28,-0.97,0.95
2.28,-0.97,0.95
2.28,-0.97,0.95
2.28,-0.97,0.95
2.28,-0.97,0.95
2.28,-0.97,0.95
2.28,-0.97,0.95
2.28,-0.97,0.95
2.28,-0.97,0.95
2.28,-0.97,0.95
2.28,-0.97,0.95
2.28,-0.97,0.95
2.28,-0.97,0.95
2.28,-0.97,0.95
2.28,-0.97,0.95
2.28,-0.97,0.95
2.28,-0.97,0.95
2.28,-0.97,0.95
2.28,-0.97,0.95
2.28,-0.97,0.95
2.28,-0.97,0.95
2.28,-0.97,0.95
2.28,-0.97,0.95
2.28,-0.97,0.95
2.28,-0.97,0.95
2.28,-0.97,0.95
2.28,-0.97,0.95
2.28,-0.97,0.95
2.28,-0.97,0.95
2.28,-0.97,0.95
2.28,-0.97,0.95
2.28,-0.97,0.95
2.28,-0.97,0.95
2.28,-0.97,0.95
2.28,-0.97,0.95
2.28,-0.97,0.95
2.28,-0.97,0.95
2.28,-0.97,0.95
2.3,-0.97,0.96
2.31,-0.97,0.97
2.33,-0.97,0.9899999
2.35,-0.97,1
2.36,-0.97,1.02
2.36,-0.97,1.02
2.38,-0.97,1.04
2.4,-0.97,1.07
2.41,-0.97,1.08
2.42,-0.97,1.09
2.43,-0.97,1.11
2.44,-0.97,1.12
2.46,-0.97,1.15
2.46,-0.97,1.17
2.47,-0.97,1.18
2.47,-0.97,1.2
2.47,-0.97,1.22
2.47,-0.97,1.23
2.47,-0.97,1.23
2.47,-0.97,1.23
2.47,-0.97,1.23
2.47,-0.97,1.23
2.47,-0.97,1.23
2.47,-0.97,1.23
2.47,-0.97,1.23
2.47,-0.97,1.23
2.47,-0.97,1.23
2.47,-0.97,1.23
2.47,-0.97,1.23
2.47,-0.97,1.23
2.47,-0.97,1.23
2.47,-0.97,1.23
2.47,-0.97,1.23
2.47,-0.97,1.23
2.47,-0.97,1.23
2.47,-0.97,1.23
2.47,-0.97,1.23
2.47,-0.97,1.23
2.47,-0.97,1.23
2.47,-0.97,1.23
2.47,-0.97,1.23
2.47,-0.97,1.23
2.47,-0.97,1.23
2.47,-0.97,1.23
2.47,-0.97,1.23
2.47,-0.97,1.23
2.47,-0.97,1.23
2.47,-0.97,1.23
2.47,-0.97,1.23
2.47,-0.97,1.23
2.47,-0.97,1.23
2.47,-0.97,1.23
2.47,-0.97,1.23
2.47,-0.97,1.23
2.47,-0.97,1.23
2.47,-0.97,1.23
2.47,-0.97,1.23
2.47,-0.97,1.23
2.47,-0.97,1.23
2.47,-0.97,1.23
2.47,-0.97,1.23
2.47,-0.97,1.23
2.47,-0.97,1.23
2.47,-0.97,1.23
2.47,-0.97,1.23
2.47,-0.97,1.23
2.47,-0.97,1.23
2.47,-0.97,1.23
2.47,-0.97,1.23
2.47,-0.97,1.23
2.47,-0.97,1.23
2.47,-0.97,1.23
2.47,-0.97,1.23
2.47,-0.97,1.23
2.47,-0.97,1.23
2.47,-0.97,1.23
2.47,-0.97,1.23
2.47,-0.97,1.23
2.47,-0.97,1.23
2.47,-0.97,1.23
2.47,-0.97,1.23
2.47,-0.97,1.23
2.47,-0.97,1.23
2.47,-0.97,1.23
2.47,-0.97,1.23
2.47,-0.97,1.23
2.47,-0.97,1.23
2.47,-0.97,1.23
2.47,-0.97,1.23
2.47,-0.97,1.23
2.47,-0.97,1.23
2.47,-0.97,1.23
2.47,-0.97,1.23
2.47,-0.97,1.25
2.46,-0.97,1.26
2.45,-0.97,1.28
2.45,-0.97,1.29
2.44,-0.97,1.32
2.43,-0.97,1.34
2.42,-0.97,1.36
2.41,-0.97,1.37
2.41,-0.97,1.38
2.39,-0.97,1.41
2.38,-0.97,1.43
2.37,-0.97,1.44
2.36,-0.97,1.45
2.35,-0.97,1.47
2.33,-0.97,1.5
2.33,-0.97,1.5
2.33,-0.97,1.5
2.33,-0.97,1.5
2.33,-0.97,1.5
2.33,-0.97,1.5
2.33,-0.97,1.5
2.33,-0.97,1.5
2.33,-0.97,1.5
2.33,-0.97,1.5
2.33,-0.97,1.5
2.33,-0.97,1.5
2.33,-0.97,1.5
2.33,-0.97,1.5
2.33,-0.97,1.5
2.33,-0.97,1.5
2.33,-0.97,1.5
2.33,-0.97,1.5
2.33,-0.97,1.5
2.33,-0.97,1.5
2.32,-0.97,1.53
2.32,-0.97,1.54
2.31,-0.97,1.56
2.3,-0.97,1.57
2.29,-0.97,1.6
2.28,-0.97,1.62
2.28,-0.97,1.63
2.27,-0.97,1.65
2.26,-0.97,1.66
2.25,-0.97,1.69
2.24,-0.97,1.71
2.23,-0.97,1.72
2.22,-0.97,1.74
2.21,-0.97,1.75
2.21,-0.97,1.77
2.19,-0.97,1.8
2.19,-0.97,1.81
2.18,-0.97,1.83
2.17,-0.97,1.84
2.16,-0.97,1.86
2.15,-0.97,1.89
2.15,-0.93,1.87
2.15,-0.9,1.84
2.14,-0.87,1.82
2.14,-0.85,1.8
2.15,-0.82,1.79
2.15,-0.81,1.77
2.15,-0.8,1.74
2.16,-0.79,1.72
2.16,-0.78,1.69
2.16,-0.78,1.65
2.16,-0.78,1.61
2.16,-0.79,1.57
2.16,-0.8,1.53
2.16,-0.82,1.49
2.16,-0.84,1.45
2.16,-0.86,1.41
2.16,-0.89,1.37
2.16,-0.92,1.33
2.16,-0.95,1.29
2.16,-0.96,1.27
2.16,-0.97,1.25
2.16,-0.97,1.24
2.16,-0.97,1.23
2.16,-0.97,1.22
2.16,-0.97,1.22
2.16,-0.97,1.21
2.16,-0.97,1.21
2.16,-0.97,1.21
2.16,-0.97,1.21
2.16,-0.97,1.21
2.16,-0.97,1.21
2.16,-0.97,1.21
2.16,-0.97,1.21
2.16,-0.97,1.21
2.16,-0.97,1.21
2.16,-0.97,1.21
2.16,-0.97,1.21
2.17,-0.97,1.2
2.18,-0.97,1.19
2.2,-0.97,1.17
2.21,-0.97,1.16
2.22,-0.97,1.14
2.23,-0.97,1.13
2.26,-0.97,1.11
2.27,-0.97,1.1
2.28,-0.97,1.09
2.29,-0.97,1.08
2.3,-0.97,1.07
2.33,-0.97,1.06
2.35,-0.97,1.06
2.37,-0.97,1.06
2.38,-0.97,1.07
2.41,-0.97,1.08
2.43,-0.97,1.09
2.44,-0.97,1.1
2.45,-0.97,1.11
2.46,-0.97,1.13
2.48,-0.97,1.15
2.49,-0.97,1.17
2.5,-0.97,1.18
2.5,-0.97,1.2
2.51,-0.97,1.21
2.52,-0.97,1.22
2.55,-0.97,1.24
2.56,-0.97,1.25
2.56,-0.97,1.25
2.56,-0.97,1.25
2.56,-0.97,1.25
2.56,-0.97,1.25
2.56,-0.97,1.25
2.56,-0.97,1.25
2.56,-0.97,1.25
2.56,-0.97,1.25
2.56,-0.97,1.25
2.56,-0.97,1.25
2.54,-0.97,1.24
2.53,-0.97,1.24
2.53,-0.97,1.24
2.49,-0.97,1.22
2.48,-0.97,1.21
2.46,-0.97,1.21
2.44,-0.97,1.2
2.41,-0.97,1.19
2.4,-0.97,1.18
2.38,-0.97,1.17
2.37,-0.97,1.17
2.35,-0.97,1.16
2.35,-0.97,1.16
2.3,-0.97,1.14
2.29,-0.91,1.14
2.27,-0.86,1.13
2.26,-0.81,1.13
2.24,-0.77,1.12
2.21,-0.72,1.11
2.19,-0.69,1.1
2.18,-0.66,1.1
2.16,-0.63,1.09
2.15,-0.61,1.08
2.13,-0.61,1.07
2.14,-0.61,1.06
2.12,-0.62,1.05
2.12,-0.63,1.04
2.11,-0.63,1.03
2.08,-0.64,1.02
2.08,-0.64,1
2.07,-0.65,0.9899999
2.07,-0.66,0.98
2.06,-0.68,0.97
2.03,-0.71,0.96
2.03,-0.73,0.94
2.02,-0.76,0.93
2.01,-0.79,0.92
2,-0.84,0.92
1.97,-0.88,0.9
1.97,-0.93,0.89
1.96,-0.98,0.88
1.95,-0.97,0.87
1.95,-0.97,0.87
1.95,-0.97,0.87
1.95,-0.97,0.87
1.95,-0.97,0.87
1.95,-0.97,0.87
1.95,-0.97,0.87
1.95,-0.97,0.87
1.95,-0.97,0.87
1.95,-0.97,0.87
1.95,-0.97,0.87
1.95,-0.97,0.87
1.95,-0.97,0.87
1.95,-0.97,0.87
1.95,-0.97,0.87
1.95,-0.97,0.87
1.95,-0.97,0.87
1.95,-0.97,0.87
1.95,-0.97,0.87
1.95,-0.97,0.87
1.95,-0.97,0.87
1.95,-0.97,0.87
1.95,-0.97,0.87
1.95,-0.97,0.87
1.95,-0.97,0.87
1.95,-0.97,0.87
1.95,-0.97,0.87
1.95,-0.97,0.87
1.95,-0.97,0.87
1.95,-0.97,0.87
1.95,-0.97,0.87
1.95,-0.97,0.87
1.95,-0.97,0.87
1.95,-0.97,0.87
1.95,-0.97,0.87
1.95,-0.97,0.87
1.95,-0.97,0.87
1.95,-0.97,0.87
1.95,-0.97,0.87
1.95,-0.97,0.87
1.95,-0.97,0.87
1.95,-0.97,0.87
1.95,-0.97,0.87
1.95,-0.97,0.87
1.95,-0.97,0.87
1.95,-0.97,0.87
1.95,-0.97,0.87
1.95,-0.97,0.87
1.95,-0.97,0.87
1.94,-0.97,0.89
1.94,-0.98,0.89
1.93,-0.97,0.93
1.93,-0.9899999,0.93
1.93,-1,0.94
1.93,-1,0.95
1.93,-1.01,0.96
1.93,-1.02,0.98
1.93,-1.02,0.9899999
1.92,-1.02,1.02
1.92,-1.02,1.03
1.93,-1.03,1.03
1.93,-1.03,1.03
1.93,-1.02,1.03
1.93,-1.03,1.03
1.93,-1.03,1.03
1.94,-1.02,1.03
1.94,-1.03,1.03
1.94,-1.03,1.03
1.94,-1.03,1.03
1.94,-1.03,1.03
1.94,-1.02,1.03
1.94,-1.02,1.03
1.94,-1.02,1.02
1.94,-1.02,1.02
1.94,-1.02,1.02
1.95,-1.02,1.02
1.95,-1.02,1.02
1.97,-1.02,1.01
1.98,-1.01,1.01
2.01,-1,1
2.03,-0.97,0.9899999
2.06,-0.97,0.98
2.08,-0.97,0.98
2.09,-0.97,0.98
2.11,-0.97,0.97
2.12,-0.97,0.97
2.15,-0.97,0.96
2.17,-0.97,0.95
2.19,-0.97,0.95
2.2,-0.97,0.94
2.21,-0.97,0.93
2.24,-0.97,0.91
2.25,-0.97,0.89
2.26,-0.97,0.88
2.27,-0.97,0.87
2.28,-0.97,0.85
2.3,-0.97,0.83
2.31,-0.97,0.81
2.32,-0.97,0.8
2.32,-0.97,0.8
2.32,-0.97,0.8
2.32,-0.97,0.8
2.32,-0.91,0.8
2.32,-0.86,0.8
2.32,-0.81,0.8
2.32,-0.77,0.8
2.32,-0.72,0.8
2.32,-0.69,0.8
2.32,-0.66,0.8
2.32,-0.63,0.8
2.32,-0.6,0.8
2.32,-0.58,0.8
2.32,-0.56,0.8
2.32,-0.55,0.8
2.32,-0.54,0.8
2.32,-0.54,0.8
2.32,-0.54,0.8
2.32,-0.54,0.8
2.32,-0.55,0.8
2.3,-0.56,0.8
2.28,-0.57,0.81
2.26,-0.59,0.82
2.25,-0.61,0.82
2.23,-0.64,0.83
2.21,-0.67,0.83
2.18,-0.7,0.84
2.16,-0.74,0.85
2.15,-0.78,0.85
2.13,-0.83,0.86
2.12,-0.88,0.86
2.1,-0.93,0.87
2.07,-0.9899999,0.87
2.07,-0.97,0.87
2.03,-0.97,0.88
2.03,-0.97,0.88
2,-0.97,0.88
2,-0.97,0.88
2,-0.97,0.88
2,-0.97,0.88
2,-0.97,0.88
2,-0.97,0.88
2,-0.97,0.88
2,-0.97,0.88
2,-0.97,0.88
2,-0.97,0.88
2,-0.97,0.88
2,-0.97,0.88
2,-0.97,0.88
2,-0.97,0.88
2,-0.97,0.88
2,-0.97,0.88
2,-0.97,0.88
2,-0.97,0.88
2,-0.97,0.88
2,-0.97,0.88
2,-0.97,0.88
2,-0.97,0.88
2,-0.97,0.88
2,-0.97,0.88
2,-0.97,0.88
2,-0.97,0.88
2,-0.97,0.88
2,-0.97,0.88
2,-0.97,0.88
2,-0.97,0.88
2,-0.97,0.88
2,-0.97,0.88
2,-0.97,0.88
2,-0.97,0.88
2,-0.97,0.88
2,-0.97,0.88
2,-0.97,0.88
2,-0.97,0.88
2,-0.97,0.88
2,-0.97,0.88
2,-0.97,0.88
2,-0.97,0.88
2,-0.97,0.88
2,-0.97,0.88
2,-0.97,0.88
2,-0.97,0.88
2,-0.97,0.88
2,-0.97,0.88
2,-0.97,0.88
2,-0.97,0.88
2,-0.97,0.88
2,-0.97,0.88
2,-0.97,0.88
2,-0.97,0.88
2,-0.97,0.88
2,-0.97,0.88
2,-0.97,0.88
2,-0.97,0.88
2,-0.97,0.88
2,-0.97,0.88
2,-0.97,0.88
2,-0.97,0.88
2,-0.97,0.88
2,-0.97,0.88
2,-0.97,0.88
2,-0.97,0.88
2,-0.97,0.88
2,-0.97,0.88
2,-0.97,0.88
2,-0.97,0.88
2,-0.97,0.88
2,-0.97,0.88
2,-0.97,0.88
2,-0.97,0.88
2,-0.97,0.88
2,-0.97,0.88
2,-0.97,0.88
2,-0.97,0.88
2,-0.97,0.88
2,-0.97,0.88
2,-0.97,0.88
2,-0.97,0.88
2,-0.97,0.88
2,-0.97,0.88
2,-0.97,0.88
2,-0.97,0.88
2,-0.97,0.88
2,-0.97,0.88
2,-0.97,0.88
2,-0.97,0.88
2,-0.97,0.88
2,-0.97,0.88
2,-0.97,0.88
2,-0.97,0.88
2,-0.97,0.88
2,-0.97,0.88
2,-0.97,0.88
2,-0.97,0.88
2,-0.97,0.88
2,-0.97,0.88
2,-0.97,0.88
2,-0.97,0.88
2,-0.97,0.88
2,-0.97,0.88
2,-0.97,0.88
2,-0.97,0.88
2,-0.97,0.88
2,-0.97,0.88
2,-0.97,0.88
2,-0.97,0.88
2,-0.97,0.88
2,-0.97,0.88
2,-0.97,0.88
2,-0.97,0.88
2,-0.97,0.88
2,-0.97,0.88
2,-0.97,0.88
2,-0.97,0.88
2,-0.97,0.88
2,-0.97,0.88
2,-0.97,0.88
2,-0.97,0.88
2,-0.97,0.88
2,-0.97,0.88
2,-0.97,0.88
2,-0.97,0.88
2,-0.97,0.88
2,-0.97,0.88
2,-0.97,0.88
2,-0.97,0.88
2,-0.97,0.88
2,-0.97,0.88
2,-0.97,0.88
2,-0.97,0.88
2,-0.97,0.88
2,-0.97,0.88
2,-0.97,0.88
2,-0.97,0.88
2,-0.97,0.88
2,-0.97,0.88
2,-0.97,0.88
2,-0.97,0.88
2,-0.97,0.88
2,-0.97,0.88
2.03,-0.97,0.89
2.05,-0.97,0.89
2.06,-0.97,0.9
2.08,-0.97,0.9
2.09,-0.97,0.9
2.13,-0.97,0.9
2.13,-0.97,0.9
2.16,-0.97,0.88
2.16,-0.97,0.88
2.16,-0.97,0.88
2.18,-0.97,0.88
2.19,-0.97,0.88
2.22,-0.97,0.89
2.24,-0.97,0.89
2.25,-0.97,0.89
2.27,-0.97,0.88
2.28,-0.97,0.88
2.28,-0.97,0.88
2.28,-0.97,0.88
2.28,-0.97,0.88
2.28,-0.97,0.88
2.28,-0.97,0.88
2.28,-0.97,0.88
2.28,-0.97,0.88
2.28,-0.97,0.88
2.28,-0.97,0.88
2.28,-0.97,0.88
2.28,-0.97,0.88
2.28,-0.97,0.88
2.28,-0.97,0.88
2.28,-0.97,0.88
2.28,-0.97,0.88
2.28,-0.97,0.88
2.28,-0.97,0.88
2.28,-0.97,0.88
2.28,-0.97,0.88
2.28,-0.97,0.88
2.28,-0.97,0.88
2.28,-0.97,0.88
2.28,-0.97,0.88
2.28,-0.97,0.88
2.28,-0.97,0.88
2.28,-0.97,0.88
2.28,-0.97,0.88
2.28,-0.97,0.88
2.28,-0.97,0.88
2.28,-0.97,0.88
2.28,-0.97,0.88
2.28,-0.97,0.88
2.28,-0.97,0.88
2.28,-0.97,0.88
2.28,-0.97,0.88
2.28,-0.97,0.88
2.28,-0.97,0.88
2.28,-0.97,0.88
2.28,-0.97,0.88
2.28,-0.97,0.88
2.28,-0.97,0.88
2.28,-0.97,0.88
2.28,-0.97,0.88
2.28,-0.97,0.88
2.28,-0.97,0.88
2.28,-0.97,0.88
2.28,-0.97,0.88
2.28,-0.97,0.88
2.28,-0.97,0.88
2.28,-0.97,0.88
2.28,-0.97,0.88
2.28,-0.97,0.88
2.28,-0.97,0.88
2.28,-0.97,0.88
2.28,-0.97,0.88
2.28,-0.97,0.88
2.28,-0.97,0.88
2.28,-0.97,0.88
2.28,-0.97,0.88
2.28,-0.97,0.88
2.28,-0.97,0.88
2.28,-0.97,0.88
2.28,-0.97,0.88
2.28,-0.97,0.88
2.28,-0.97,0.88
2.28,-0.97,0.88
2.28,-0.97,0.88
2.28,-0.97,0.88
2.28,-0.97,0.88
2.28,-0.97,0.88
2.28,-0.97,0.88
2.28,-0.97,0.88
2.28,-0.97,0.88
2.28,-0.97,0.88
2.28,-0.97,0.88
2.28,-0.97,0.88
2.28,-0.97,0.88
2.28,-0.97,0.88
2.28,-0.97,0.88
2.28,-0.97,0.88
2.28,-0.97,0.88
2.28,-0.97,0.88
2.28,-0.97,0.88
2.28,-0.97,0.88
2.28,-0.97,0.88
2.28,-0.97,0.88
2.28,-0.97,0.88
2.28,-0.97,0.88
2.28,-0.97,0.88
2.28,-0.97,0.88
2.28,-0.97,0.88
2.28,-0.97,0.88
2.28,-0.97,0.88
2.28,-0.97,0.88
2.28,-0.97,0.88
2.28,-0.97,0.88
2.28,-0.97,0.88
2.28,-0.97,0.88
2.28,-0.97,0.88
2.28,-0.97,0.88
2.28,-0.97,0.88
2.28,-0.97,0.88
2.28,-0.97,0.88
2.28,-0.97,0.88
2.28,-0.97,0.88
2.28,-0.97,0.88
2.28,-0.97,0.88
2.28,-0.97,0.88
2.28,-0.97,0.88
2.28,-0.97,0.88
2.28,-0.97,0.88
2.28,-0.97,0.88
2.28,-0.97,0.88
2.28,-0.97,0.88
2.28,-0.97,0.88
2.28,-0.97,0.88
2.28,-0.97,0.88
2.28,-0.97,0.88
2.28,-0.97,0.88
2.28,-0.97,0.88
2.28,-0.97,0.88
2.28,-0.97,0.88
2.28,-0.97,0.88
2.28,-0.97,0.88
2.28,-0.97,0.88
2.28,-0.97,0.88
2.28,-0.97,0.88
2.28,-0.97,0.88
2.28,-0.97,0.88
2.28,-0.97,0.88
2.28,-0.97,0.88
2.28,-0.97,0.88
2.28,-0.97,0.88
2.28,-0.97,0.88
2.28,-0.97,0.88
2.28,-0.97,0.88
2.28,-0.97,0.88
2.28,-0.97,0.88
2.28,-0.97,0.88
2.28,-0.97,0.88
2.28,-0.97,0.88
2.28,-0.97,0.88
2.28,-0.97,0.88
2.28,-0.97,0.88
2.28,-0.97,0.88
2.28,-0.97,0.88
2.28,-0.97,0.88
2.28,-0.97,0.88
2.28,-0.97,0.88
2.28,-0.97,0.88
2.28,-0.97,0.88
2.28,-0.97,0.88
2.28,-0.97,0.88
2.28,-0.97,0.88
2.28,-0.97,0.88
2.28,-0.97,0.88
2.28,-0.97,0.88
2.28,-0.97,0.88
2.28,-0.97,0.88
2.28,-0.97,0.88
2.28,-0.97,0.88
2.28,-0.97,0.88
2.28,-0.97,0.88
2.28,-0.97,0.88
2.28,-0.97,0.88
2.28,-0.97,0.88
2.28,-0.97,0.88
2.28,-0.97,0.88
2.28,-0.97,0.88
2.28,-0.97,0.88
2.28,-0.97,0.88
2.28,-0.97,0.88
2.28,-0.97,0.88
2.28,-0.97,0.88
2.28,-0.97,0.88
2.28,-0.97,0.88
2.29,-0.97,0.9
2.29,-0.97,0.93
2.3,-0.97,0.94
2.3,-0.97,0.96
2.31,-0.97,0.9899999
2.31,-0.97,1.01
2.31,-0.97,1.02
2.32,-0.97,1.04
2.32,-0.97,1.06
2.32,-0.97,1.07
2.33,-0.97,1.11
2.34,-0.97,1.12
2.34,-0.97,1.14
2.35,-0.97,1.15
2.36,-0.97,1.17
2.37,-0.97,1.2
2.37,-0.97,1.22
2.37,-0.97,1.22
2.39,-0.97,1.25
2.39,-0.97,1.26
2.4,-0.97,1.29
2.41,-0.97,1.31
2.42,-0.97,1.32
2.42,-0.97,1.34
2.43,-0.97,1.36
2.44,-0.97,1.37
2.45,-0.97,1.4
2.46,-0.97,1.42
2.46,-0.97,1.43
2.47,-0.97,1.45
2.49,-0.97,1.48
2.5,-0.97,1.49
2.5,-0.97,1.51
2.51,-0.97,1.52
2.52,-0.97,1.54
2.52,-0.97,1.55
2.54,-0.97,1.58
2.54,-0.97,1.6
2.55,-0.97,1.61
2.55,-0.97,1.63
2.56,-0.97,1.65
2.56,-0.97,1.68
2.57,-0.97,1.7
2.57,-0.97,1.71
2.57,-0.97,1.73
2.58,-0.97,1.75
2.58,-0.97,1.78
2.59,-0.97,1.8
2.59,-0.97,1.81
2.59,-0.97,1.83
2.6,-0.97,1.85
2.6,-0.97,1.88
2.61,-0.97,1.89
2.61,-0.97,1.91
2.61,-0.97,1.93
2.62,-0.97,1.94
2.62,-0.97,1.98
2.63,-0.97,1.99
2.63,-0.97,2.01
2.63,-0.97,2.03
2.63,-0.97,2.05
2.64,-0.97,2.08
2.64,-0.97,2.09
2.64,-0.97,2.11
2.64,-0.97,2.13
2.64,-0.97,2.14
2.65,-0.97,2.16
2.65,-0.97,2.19
2.65,-0.97,2.21
2.65,-0.97,2.22
2.65,-0.97,2.24
2.66,-0.97,2.27
2.66,-0.97,2.29
2.66,-0.97,2.31
2.66,-0.97,2.32
2.66,-0.97,2.34
2.66,-0.97,2.36
2.66,-0.97,2.39
2.67,-0.97,2.41
2.67,-0.97,2.42
2.67,-0.97,2.44
2.67,-0.97,2.46
2.67,-0.97,2.49
2.67,-0.97,2.51
2.67,-0.97,2.52
2.67,-0.97,2.54
2.67,-0.97,2.57
2.67,-0.97,2.59
2.67,-0.97,2.61
2.67,-0.97,2.62
2.67,-0.97,2.64
2.67,-0.97,2.67
2.67,-0.97,2.69
2.67,-0.97,2.71
2.67,-0.97,2.72
2.67,-0.97,2.74
2.66,-0.97,2.76
2.66,-0.97,2.79
2.66,-0.97,2.81
2.66,-0.97,2.82
2.66,-0.97,2.84
2.66,-0.97,2.87
2.66,-0.97,2.89
2.66,-0.97,2.91
2.66,-0.97,2.92
2.66,-0.97,2.94
2.66,-0.97,2.96
2.67,-0.97,2.99
2.67,-0.97,3.01
2.67,-0.97,3.02
2.67,-0.97,3.04
2.68,-0.97,3.07
2.68,-0.97,3.09
2.68,-0.97,3.1
2.69,-0.97,3.12
2.7,-0.97,3.14
2.7,-0.97,3.15
2.72,-0.97,3.18
2.71,-0.97,3.19
2.71,-0.97,3.2
2.69,-0.97,3.18
2.7,-0.97,3.21
2.69,-0.97,3.22
2.68,-0.96,3.22
2.67,-0.96,3.23
2.66,-0.96,3.24
2.66,-0.96,3.26
2.65,-0.96,3.28
2.66,-0.97,3.29
2.67,-0.97,3.3
2.68,-0.97,3.31
2.7,-0.97,3.32
2.73,-0.97,3.34
2.74,-0.97,3.34
2.75,-0.97,3.35
2.77,-0.97,3.36
2.78,-0.97,3.37
2.81,-0.97,3.38
2.83,-0.97,3.39
2.84,-0.97,3.4
2.86,-0.97,3.4
2.88,-0.97,3.41
2.91,-0.97,3.42
2.92,-0.97,3.42
2.94,-0.97,3.43
2.95,-0.97,3.43
2.97,-0.97,3.44
3,-0.97,3.45
3.02,-0.97,3.45
3.03,-0.97,3.44
3.05,-0.97,3.44
3.07,-0.97,3.44
3.1,-0.97,3.43
3.12,-0.97,3.42
3.13,-0.97,3.42
3.15,-0.97,3.42
3.18,-0.97,3.41
3.2,-0.97,3.4
3.2,-0.97,3.4
3.23,-0.97,3.39
3.24,-0.97,3.39
3.28,-0.97,3.38
3.29,-0.97,3.38
3.31,-0.97,3.37
3.32,-0.97,3.37
3.34,-0.97,3.36
3.37,-0.97,3.35
3.39,-0.97,3.35
3.41,-0.97,3.34
3.42,-0.97,3.34
3.44,-0.97,3.33
3.45,-0.97,3.33
3.48,-0.97,3.32
3.5,-0.97,3.31
3.52,-0.97,3.31
3.53,-0.97,3.3
3.56,-0.97,3.29
3.58,-0.97,3.28
3.59,-0.97,3.28
3.61,-0.97,3.27
3.63,-0.97,3.27
3.64,-0.97,3.26
3.67,-0.97,3.24
3.68,-0.97,3.23
3.69,-0.97,3.22
3.7,-0.97,3.2
3.71,-0.97,3.19
3.73,-0.97,3.16
3.74,-0.97,3.15
3.75,-0.97,3.14
3.76,-0.97,3.12
3.78,-0.97,3.1
3.79,-0.97,3.08
3.8,-0.97,3.07
3.81,-0.97,3.06
3.82,-0.97,3.04
3.84,-0.97,3.02
3.85,-0.97,3
3.86,-0.97,2.99
3.87,-0.97,2.98
3.88,-0.97,2.96
3.89,-0.97,2.95
3.9,-0.97,2.92
3.91,-0.97,2.91
3.92,-0.97,2.89
3.93,-0.97,2.88
3.95,-0.97,2.85
3.96,-0.97,2.84
3.97,-0.97,2.82
3.98,-0.97,2.81
3.99,-0.97,2.8
4,-0.97,2.78
4.01,-0.97,2.75
4.01,-0.97,2.74
4.02,-0.97,2.72
4.02,-0.97,2.7
4.03,-0.97,2.67
4.04,-0.97,2.66
4.04,-0.97,2.64
4.04,-0.97,2.62
4.04,-0.97,2.61
4.05,-0.97,2.57
4.05,-0.97,2.56
4.05,-0.97,2.54
4.06,-0.97,2.52
4.06,-0.97,2.51
4.07,-0.97,2.48
4.07,-0.97,2.46
4.07,-0.97,2.44
4.08,-0.97,2.43
4.08,-0.97,2.41
4.06,-0.97,2.38
4.06,-0.97,2.38
4.06,-0.97,2.38
4.07,-0.94,2.41
4.07,-0.92,2.44
4.08,-0.9,2.47
4.08,-0.89,2.5
4.09,-0.87,2.53
4.09,-0.87,2.56
4.1,-0.87,2.59
4.1,-0.87,2.62
4.11,-0.87,2.65
4.12,-0.85,2.71
4.13,-0.83,2.77
4.14,-0.82,2.83
4.15,-0.81,2.89
4.16,-0.81,2.95
4.17,-0.81,3
4.18,-0.81,3.06
4.19,-0.82,3.12
4.2,-0.83,3.18
4.21,-0.81,3.27
4.23,-0.8,3.36
4.24,-0.79,3.45
4.26,-0.79,3.54
4.27,-0.79,3.63
4.29,-0.79,3.71
4.31,-0.77,3.83
4.32,-0.75,3.95
4.34,-0.74,4.07
4.36,-0.73,4.19
4.38,-0.72,4.31
4.4,-0.72,4.42
4.42,-0.72,4.54
4.44,-0.73,4.66
4.46,-0.74,4.78
4.48,-0.75,4.9
4.5,-0.77,5.02
4.52,-0.79,5.13
4.54,-0.81,5.25
4.56,-0.84,5.37
4.58,-0.88,5.49
4.6,-0.91,5.61
4.62,-0.95,5.73
4.64,-0.96,5.82
4.65,-0.97,5.88
4.66,-0.97,5.96
4.68,-0.97,6.02
4.69,-0.97,6.11
4.71,-0.97,6.15
4.72,-0.97,6.2
4.74,-0.97,6.26
4.75,-0.97,6.31
4.76,-0.97,6.37
4.77,-0.97,6.42
4.79,-0.97,6.45
4.8,-0.97,6.5
4.81,-0.97,6.55
4.82,-0.97,6.59
4.83,-0.97,6.63
4.84,-0.97,6.65
4.85,-0.97,6.69
4.86,-0.97,6.72
4.87,-0.97,6.75
4.87,-0.97,6.78
4.88,-0.97,6.79
4.88,-0.97,6.81
4.89,-0.97,6.83
4.89,-0.97,6.85
4.89,-0.97,6.87
4.89,-0.97,6.87
4.89,-0.97,6.88
4.89,-0.97,6.89
4.89,-0.97,6.9
4.89,-0.97,6.9
4.89,-0.97,6.9
4.88,-0.97,6.9
4.88,-0.97,6.91
4.87,-0.97,6.9
4.87,-0.97,6.89
4.86,-0.97,6.88
4.85,-0.97,6.86
4.85,-0.97,6.85
4.83,-0.97,6.83
4.83,-0.97,6.83
4.82,-0.97,6.79
4.81,-0.97,6.77
4.81,-0.97,6.76
4.8,-0.97,6.74
4.8,-0.97,6.72
4.79,-0.97,6.71
4.78,-0.97,6.68
4.78,-0.97,6.66
4.77,-0.97,6.65
4.77,-0.97,6.63
4.76,-0.97,6.6
4.75,-0.97,6.58
4.75,-0.97,6.57
4.74,-0.97,6.55
4.74,-0.97,6.53
4.73,-0.97,6.52
4.72,-0.97,6.48
4.72,-0.97,6.47
4.71,-0.97,6.45
4.71,-0.97,6.44
4.7,-0.97,6.42
4.69,-0.97,6.39
4.69,-0.97,6.37
4.68,-0.97,6.36
4.68,-0.97,6.34
4.67,-0.97,6.33
4.66,-0.97,6.29
4.66,-0.97,6.28
4.65,-0.97,6.26
4.65,-0.97,6.24
4.65,-0.97,6.23
4.64,-0.97,6.2
4.63,-0.97,6.18
4.63,-0.97,6.16
4.63,-0.97,6.15
4.62,-0.97,6.16
4.6,-0.97,6.19
4.6,-0.97,6.21
4.59,-0.97,6.22
4.59,-0.97,6.24
4.58,-0.97,6.25
4.57,-0.97,6.28
4.56,-0.97,6.3
4.56,-0.97,6.32
4.55,-0.97,6.33
4.54,-0.97,6.35
4.53,-0.97,6.38
4.53,-0.97,6.4
4.52,-0.97,6.41
4.52,-0.97,6.43
4.51,-0.97,6.44
4.5,-0.97,6.47
4.5,-0.97,6.47
4.5,-0.97,6.47
4.5,-0.97,6.47
4.51,-0.94,6.44
4.52,-0.92,6.42
4.52,-0.9,6.39
4.53,-0.89,6.36
4.54,-0.87,6.33
4.54,-0.87,6.3
4.55,-0.87,6.27
4.56,-0.87,6.24
4.56,-0.87,6.21
4.57,-0.88,6.18
4.58,-0.86,6.12
4.59,-0.85,6.06
4.61,-0.84,6.01
4.62,-0.84,5.95
4.63,-0.84,5.89
4.65,-0.84,5.83
4.66,-0.85,5.77
4.67,-0.86,5.71
4.69,-0.84,5.62
4.71,-0.83,5.54
4.73,-0.82,5.45
4.75,-0.82,5.36
4.77,-0.82,5.27
4.79,-0.82,5.19
4.81,-0.83,5.1
4.83,-0.84,5.01
4.85,-0.86,4.92
4.87,-0.85,4.8
4.9,-0.84,4.69
4.93,-0.84,4.57
4.95,-0.84,4.45
4.98,-0.85,4.34
5,-0.86,4.22
5.03,-0.87,4.1
5.05,-0.89,3.98
5.08,-0.91,3.87
5.11,-0.93,3.75
5.14,-0.93,3.6
5.17,-0.94,3.46
5.2,-0.94,3.31
5.24,-0.95,3.16
5.27,-0.96,3.02
5.3,-0.97,2.88
5.33,-0.97,2.75
5.36,-0.97,2.62
5.38,-0.97,2.49
5.41,-0.97,2.37
5.44,-0.97,2.24
5.47,-0.97,2.12
5.49,-0.97,2
5.52,-0.97,1.88
5.54,-0.97,1.77
5.57,-0.97,1.66
5.59,-0.97,1.55
5.62,-0.97,1.44
5.64,-0.97,1.33
5.66,-0.97,1.23
5.69,-0.97,1.13
5.7,-0.97,1.02
5.7,-0.97,0.92
5.7,-0.97,0.82
5.69,-0.97,0.72
5.7,-0.97,0.63
5.7,-0.97,0.54
5.7,-0.97,0.46
5.7,-0.97,0.37
5.69,-0.97,0.29
5.69,-0.97,0.21
5.69,-0.97,0.14
5.69,-0.97,0.07
5.67,-0.97,0
5.67,-0.97,-0.06
5.67,-0.97,-0.12
5.66,-0.97,-0.19
5.66,-0.97,-0.25
5.64,-0.97,-0.3
5.64,-0.97,-0.36
5.63,-0.97,-0.41
5.63,-0.97,-0.46
5.62,-0.97,-0.51
5.62,-0.97,-0.56
5.59,-0.97,-0.6
5.59,-0.97,-0.64
5.58,-0.97,-0.68
5.57,-0.97,-0.72
5.56,-0.97,-0.76
5.54,-0.97,-0.8
5.53,-0.97,-0.83
5.52,-0.97,-0.86
5.51,-0.97,-0.89
5.5,-0.97,-0.92
5.47,-0.97,-0.95
5.46,-0.97,-0.97
5.44,-0.97,-0.9899999
5.43,-0.97,-1.01
5.42,-0.97,-1.03
5.4,-0.97,-1.05
5.37,-0.97,-1.06
5.36,-0.97,-1.08
5.35,-0.97,-1.09
5.33,-0.97,-1.09
5.3,-0.97,-1.1
5.28,-0.97,-1.11
5.27,-0.97,-1.11
5.25,-0.97,-1.12
5.23,-0.97,-1.12
5.2,-0.97,-1.13
5.19,-0.97,-1.14
5.17,-0.97,-1.14
5.16,-0.97,-1.15
5.14,-0.97,-1.15
5.11,-0.97,-1.16
5.09,-0.97,-1.17
5.08,-0.97,-1.17
5.06,-0.97,-1.18
5.04,-0.97,-1.18
5.01,-0.97,-1.19
5,-0.97,-1.2
4.98,-0.97,-1.21
4.97,-0.97,-1.21
4.95,-0.97,-1.22
4.92,-0.97,-1.23
4.9,-0.97,-1.23
4.89,-0.97,-1.24
4.87,-0.97,-1.25
4.86,-0.97,-1.25
4.83,-0.97,-1.26
4.81,-0.97,-1.25
4.79,-0.97,-1.26
4.78,-0.97,-1.26
4.76,-0.97,-1.27
4.73,-0.97,-1.28
4.71,-0.97,-1.28
4.7,-0.97,-1.29
4.68,-0.97,-1.29
4.66,-0.97,-1.3
4.63,-0.97,-1.3
4.62,-0.97,-1.31
4.6,-0.97,-1.31
4.58,-0.97,-1.31
4.58,-0.97,-1.31
4.53,-0.97,-1.32
4.52,-0.97,-1.32
4.5,-0.97,-1.32
4.48,-0.97,-1.32
4.47,-0.97,-1.33
4.43,-0.97,-1.33
4.43,-0.97,-1.34
4.43,-0.97,-1.35
4.42,-0.97,-1.36
4.41,-0.97,-1.37
4.41,-0.97,-1.37
4.41,-0.97,-1.38
4.41,-0.97,-1.38
4.41,-0.97,-1.38
4.41,-0.97,-1.38
4.41,-0.97,-1.38
4.41,-0.97,-1.38
4.41,-0.97,-1.38
4.41,-0.97,-1.38
4.41,-0.97,-1.38
4.38,-0.97,-1.36
4.38,-0.98,-1.36
4.39,-0.9899999,-1.37
4.38,-0.9899999,-1.37
4.38,-1,-1.37
4.36,-1.01,-1.36
4.35,-1.02,-1.34
4.34,-1.03,-1.33
4.32,-1.04,-1.32
4.31,-1.04,-1.32
4.28,-1.04,-1.3
4.26,-1.04,-1.3
4.25,-1.03,-1.29
4.22,-1,-1.28
4.21,-0.97,-1.27
4.18,-0.97,-1.26
4.17,-0.97,-1.25
4.15,-0.97,-1.24
4.15,-0.97,-1.23
4.14,-0.97,-1.21
4.14,-0.97,-1.18
4.14,-0.97,-1.16
4.14,-0.97,-1.15
4.14,-0.97,-1.13
4.15,-0.97,-1.11
4.14,-0.97,-1.08
4.13,-0.97,-1.07
4.12,-0.97,-1.05
4.11,-0.97,-1.04
4.1,-0.97,-1.03
4.07,-0.97,-1.01
4.06,-0.97,-1
4.05,-0.97,-0.98
4.04,-0.97,-0.97
4.04,-0.97,-0.97
4.07,-0.97,-0.93
4.08,-0.97,-0.91
4.09,-0.97,-0.9
4.1,-0.97,-0.89
4.11,-0.97,-0.88
4.14,-0.97,-0.85
4.15,-0.97,-0.84
4.16,-0.97,-0.84
4.18,-0.97,-0.84
4.2,-0.97,-0.84
4.23,-0.97,-0.83
4.25,-0.97,-0.83
4.26,-0.97,-0.82
4.26,-0.97,-0.82
4.29,-0.97,-0.82
4.33,-0.97,-0.81
4.34,-0.97,-0.82
4.36,-0.97,-0.82
4.38,-0.97,-0.82
4.39,-0.97,-0.83
4.41,-0.97,-0.84
4.42,-0.97,-0.84
4.45,-0.97,-0.85
4.45,-0.97,-0.85
4.48,-0.97,-0.85
4.51,-0.97,-0.86
4.52,-0.97,-0.86
4.54,-0.97,-0.84
4.54,-0.97,-0.84
4.57,-0.97,-0.83
4.57,-0.97,-0.83
4.57,-0.97,-0.83
4.57,-0.97,-0.83
4.57,-0.97,-0.83
4.57,-0.97,-0.83
4.57,-0.97,-0.83
4.57,-0.97,-0.83
4.54,-0.94,-0.84
4.52,-0.92,-0.85
4.49,-0.9,-0.87
4.47,-0.89,-0.88
4.44,-0.82,-0.86
4.41,-0.8,-0.86
4.39,-0.79,-0.86
4.38,-0.79,-0.86
4.38,-0.8,-0.87
4.37,-0.81,-0.87
4.34,-0.8,-0.88
4.31,-0.79,-0.9
4.28,-0.78,-0.92
4.25,-0.78,-0.93
4.23,-0.78,-0.95
4.21,-0.79,-0.96
4.19,-0.81,-0.97
4.17,-0.82,-0.98
4.15,-0.84,-1
4.13,-0.87,-1.01
4.08,-0.87,-1.03
4.04,-0.87,-1.06
3.99,-0.88,-1.09
3.95,-0.89,-1.12
3.9,-0.9,-1.14
3.86,-0.92,-1.17
3.81,-0.94,-1.2
3.77,-0.97,-1.23
3.74,-0.97,-1.24
3.71,-0.97,-1.26
3.68,-0.97,-1.27
3.66,-0.97,-1.29
3.64,-0.97,-1.3
3.62,-0.97,-1.31
3.6,-0.97,-1.32
3.58,-0.97,-1.33
3.57,-0.97,-1.34
3.56,-0.97,-1.35
3.55,-0.97,-1.35
3.54,-0.97,-1.36
3.54,-0.97,-1.36
3.53,-0.97,-1.36
3.53,-0.97,-1.37
3.53,-0.97,-1.37
3.53,-0.97,-1.37
3.53,-0.97,-1.37
3.53,-0.97,-1.37
3.53,-0.97,-1.37
3.5,-0.94,-1.38
3.48,-0.92,-1.39
3.45,-0.9,-1.41
3.43,-0.89,-1.42
3.4,-0.87,-1.44
3.37,-0.87,-1.45
3.35,-0.87,-1.47
3.32,-0.87,-1.48
3.3,-0.87,-1.5
3.27,-0.88,-1.51
3.22,-0.86,-1.54
3.17,-0.85,-1.57
3.11,-0.84,-1.6
3.06,-0.84,-1.63
3.01,-0.84,-1.66
2.96,-0.84,-1.69
2.9,-0.85,-1.72
2.85,-0.86,-1.75
2.8,-0.87,-1.78
2.72,-0.86,-1.82
2.64,-0.85,-1.87
2.56,-0.85,-1.91
2.49,-0.85,-1.96
2.41,-0.85,-2
2.33,-0.86,-2.05
2.25,-0.87,-2.09
2.17,-0.89,-2.13
2.1,-0.91,-2.18
2.02,-0.93,-2.22
1.91,-0.93,-2.28
1.81,-0.93,-2.34
1.7,-0.94,-2.4
1.6,-0.95,-2.46
1.49,-0.96,-2.52
1.4,-0.96,-2.57
1.3,-0.97,-2.63
1.21,-0.97,-2.68
1.12,-0.97,-2.73
1.04,-0.97,-2.78
0.95,-0.97,-2.83
0.87,-0.97,-2.87
0.79,-0.97,-2.92
0.71,-0.97,-2.97
0.63,-0.97,-3.01
0.56,-0.97,-3.05
0.48,-0.97,-3.09
0.41,-0.97,-3.13
0.34,-0.97,-3.17
0.28,-0.97,-3.21
0.21,-0.97,-3.25
0.15,-0.97,-3.28
0.13,-0.97,-3.29
0.13,-0.96,-3.3
0.13,-0.97,-3.3
0.13,-0.97,-3.3
0.13,-0.97,-3.3
0.13,-0.97,-3.3
0.13,-0.97,-3.3
0.13,-0.97,-3.3
0.13,-0.97,-3.3
0.13,-0.97,-3.3
0.13,-0.97,-3.3
0.13,-0.97,-3.3
0.13,-0.97,-3.3
0.13,-0.97,-3.3
0.09999999,-0.97,-3.27
0.09,-0.97,-3.26
0.08,-0.97,-3.25
0.06,-0.97,-3.22
0.04,-0.97,-3.21
0.03,-0.97,-3.19
0.02,-0.97,-3.18
0.01,-0.97,-3.17
-0.01,-0.97,-3.16
-0.03,-0.97,-3.14
-0.04,-0.97,-3.12
-0.05,-0.97,-3.11
-0.06,-0.97,-3.1
-0.08,-0.97,-3.09
-0.09999999,-0.97,-3.06
-0.11,-0.97,-3.05
-0.12,-0.97,-3.04
-0.13,-0.97,-3.03
-0.14,-0.97,-3.01
-0.17,-0.97,-2.99
-0.18,-0.97,-2.98
-0.19,-0.97,-2.96
-0.2,-0.97,-2.95
-0.21,-0.97,-2.94
-0.21,-0.97,-2.94
-0.21,-0.97,-2.94
-0.21,-0.97,-2.94
-0.21,-0.97,-2.94
-0.21,-0.97,-2.94
-0.21,-0.97,-2.94
-0.21,-0.97,-2.94
-0.21,-0.97,-2.94
-0.21,-0.97,-2.94
-0.21,-0.97,-2.94
-0.21,-0.97,-2.94
-0.21,-0.97,-2.94
-0.21,-0.97,-2.94
-0.21,-0.97,-2.94
-0.21,-0.97,-2.94
-0.22,-0.97,-2.92
-0.23,-0.97,-2.91
-0.24,-0.97,-2.9
-0.25,-0.97,-2.89
-0.26,-0.97,-2.87
-0.28,-0.97,-2.85
-0.28,-0.97,-2.85
-0.29,-0.97,-2.83
-0.31,-0.97,-2.8
-0.32,-0.97,-2.79
-0.33,-0.97,-2.76
-0.34,-0.97,-2.75
-0.35,-0.97,-2.73
-0.36,-0.97,-2.72
-0.37,-0.97,-2.7
-0.38,-0.97,-2.67
-0.38,-0.97,-2.66
-0.37,-0.97,-2.64
-0.37,-0.97,-2.64
-0.37,-0.97,-2.64
-0.37,-0.97,-2.64
-0.37,-0.97,-2.64
-0.37,-0.97,-2.64
-0.37,-0.97,-2.64
-0.37,-0.97,-2.64
-0.37,-0.97,-2.64
-0.37,-0.97,-2.64
-0.37,-0.97,-2.64
-0.37,-0.97,-2.64
-0.37,-0.97,-2.64
-0.37,-0.97,-2.64
-0.37,-0.97,-2.64
-0.37,-0.97,-2.64
-0.39,-0.97,-2.64
-0.4,-0.97,-2.65
-0.44,-0.97,-2.65
-0.45,-0.97,-2.66
-0.47,-0.97,-2.65
-0.49,-0.97,-2.65
-0.5,-0.97,-2.65
-0.54,-0.97,-2.64
-0.55,-0.97,-2.64
-0.57,-0.97,-2.64
-0.58,-0.97,-2.63
-0.6,-0.97,-2.62
-0.62,-0.97,-2.62
-0.65,-0.97,-2.61
-0.66,-0.97,-2.6
-0.68,-0.97,-2.59
-0.69,-0.97,-2.58
-0.7,-0.97,-2.57
-0.73,-0.97,-2.55
-0.74,-0.97,-2.54
-0.76,-0.97,-2.53
-0.77,-0.97,-2.52
-0.78,-0.97,-2.51
-0.81,-0.97,-2.49
-0.82,-0.97,-2.48
-0.83,-0.97,-2.47
-0.84,-0.97,-2.46
-0.87,-0.97,-2.43
-0.88,-0.97,-2.42
-0.9,-0.97,-2.41
-0.91,-0.97,-2.4
-0.92,-0.97,-2.39
-0.93,-0.97,-2.38
-0.95,-0.97,-2.37
-0.96,-0.97,-2.36
-0.98,-0.97,-2.33
-0.98,-0.97,-2.33
-1,-0.97,-2.3
-1.01,-0.97,-2.27
-1.01,-0.97,-2.27
-1.02,-0.97,-2.24
-1.02,-0.97,-2.23
-1.03,-0.97,-2.2
-1.04,-0.97,-2.18
-1.04,-0.97,-2.16
-1.05,-0.97,-2.15
-1.05,-0.97,-2.13
-1.06,-0.97,-2.11
-1.07,-0.97,-2.08
-1.07,-0.97,-2.07
-1.08,-0.97,-2.05
-1.08,-0.97,-2.04
-1.1,-0.97,-2.02
-1.12,-0.97,-2
-1.14,-0.97,-1.99
-1.15,-0.97,-1.98
-1.16,-0.97,-1.97
-1.18,-0.97,-1.96
-1.2,-0.97,-1.94
-1.21,-0.97,-1.93
-1.22,-0.97,-1.91
-1.22,-0.97,-1.9
-1.23,-0.97,-1.88
-1.23,-0.97,-1.85
-1.23,-0.97,-1.83
-1.23,-0.97,-1.82
-1.22,-0.97,-1.8
-1.22,-0.97,-1.8
-1.21,-0.97,-1.75
-1.21,-0.97,-1.73
-1.21,-0.97,-1.72
-1.2,-0.97,-1.7
-1.19,-0.97,-1.69
-1.16,-0.97,-1.67
-1.15,-0.97,-1.65
-1.14,-0.97,-1.64
-1.13,-0.97,-1.63
-1.12,-0.97,-1.62
-1.1,-0.97,-1.59
-1.08,-0.97,-1.58
-1.07,-0.97,-1.57
-1.06,-0.97,-1.56
-1.05,-0.97,-1.55
-1.02,-0.97,-1.52
-1.01,-0.97,-1.53
-0.9899999,-0.97,-1.53
-0.98,-0.97,-1.54
-0.96,-0.97,-1.54
-0.93,-0.97,-1.55
-0.91,-0.97,-1.56
-0.9,-0.97,-1.57
-0.88,-0.97,-1.57
-0.87,-0.97,-1.58
-0.84,-0.97,-1.59
-0.82,-0.97,-1.6
-0.81,-0.97,-1.61
-0.79,-0.97,-1.61
-0.78,-0.97,-1.62
-0.75,-0.97,-1.63
-0.73,-0.97,-1.64
-0.72,-0.97,-1.64
-0.7,-0.97,-1.65
-0.68,-0.97,-1.66
-0.65,-0.97,-1.67
-0.64,-0.97,-1.68
-0.62,-0.97,-1.69
-0.61,-0.97,-1.69
-0.59,-0.97,-1.7
-0.56,-0.97,-1.72
-0.55,-0.97,-1.73
-0.54,-0.97,-1.73
-0.52,-0.97,-1.74
-0.51,-0.97,-1.75
-0.48,-0.97,-1.77
-0.47,-0.97,-1.78
-0.46,-0.97,-1.79
-0.44,-0.97,-1.8
-0.43,-0.97,-1.81
-0.4,-0.97,-1.83
-0.39,-0.97,-1.84
-0.37,-0.97,-1.85
-0.36,-0.97,-1.86
-0.35,-0.97,-1.87
-0.33,-0.97,-1.9
-0.32,-0.97,-1.91
-0.3,-0.97,-1.92
-0.29,-0.97,-1.94
-0.28,-0.97,-1.95
-0.26,-0.97,-1.98
-0.25,-0.97,-1.99
-0.24,-0.97,-2
-0.23,-0.97,-2.02
-0.22,-0.97,-2.03
-0.2,-0.97,-2.05
-0.19,-0.97,-2.07
-0.18,-0.97,-2.08
-0.17,-0.97,-2.1
-0.17,-0.97,-2.11
-0.15,-0.97,-2.14
-0.15,-0.97,-2.14
-0.14,-0.97,-2.17
-0.13,-0.97,-2.19
-0.12,-0.97,-2.22
-0.11,-0.97,-2.23
-0.11,-0.97,-2.25
-0.09999999,-0.97,-2.26
-0.09999999,-0.97,-2.28
-0.09,-0.97,-2.3
-0.08,-0.97,-2.33
-0.07,-0.97,-2.34
-0.07,-0.97,-2.36
-0.06,-0.97,-2.37
-0.06,-0.97,-2.39
-0.05,-0.97,-2.42
-0.04,-0.97,-2.44
-0.03,-0.97,-2.45
-0.02,-0.97,-2.45
0,-0.97,-2.44
0.01,-0.97,-2.43
0.01,-0.97,-2.41
0.01,-0.97,-2.39
0.01,-0.97,-2.38
0,-0.97,-2.34
0,-0.97,-2.33
0,-0.97,-2.31
-0.01,-0.97,-2.29
-0.01,-0.97,-2.28
-0.01,-0.97,-2.26
-0.02,-0.97,-2.23
-0.03,-0.97,-2.21
-0.04,-0.97,-2.2
-0.04,-0.97,-2.18
-0.05,-0.97,-2.17
-0.06,-0.97,-2.14
-0.07,-0.97,-2.12
-0.08,-0.97,-2.11
-0.08,-0.97,-2.09
-0.09,-0.97,-2.08
-0.09999999,-0.97,-2.06
-0.11,-0.97,-2.04
-0.12,-0.97,-2.02
-0.13,-0.97,-2
-0.14,-0.97,-1.99
-0.16,-0.97,-1.96
-0.15,-0.97,-1.94
-0.14,-0.97,-1.93
-0.13,-0.97,-1.93
-0.11,-0.97,-1.93
-0.08,-0.97,-1.94
-0.06,-0.97,-1.94
-0.04,-0.97,-1.94
-0.03,-0.97,-1.95
-0.01,-0.97,-1.96
0.02,-0.97,-1.98
0.03,-0.97,-1.98
0.04,-0.97,-1.99
0.06,-0.97,-2
0.07,-0.97,-2.01
0.09999999,-0.97,-2.03
0.11,-0.97,-2.04
0.11,-0.97,-2.04
0.14,-0.97,-2.06
0.16,-0.97,-2.07
0.18,-0.97,-2.09
0.2,-0.97,-2.1
0.21,-0.97,-2.1
0.22,-0.97,-2.11
0.24,-0.97,-2.12
0.27,-0.97,-2.14
0.28,-0.97,-2.15
0.3,-0.97,-2.16
0.31,-0.97,-2.16
0.33,-0.97,-2.17
0.35,-0.97,-2.19
0.37,-0.97,-2.2
0.37,-0.97,-2.2
0.37,-0.97,-2.2
0.37,-0.97,-2.2
0.37,-0.97,-2.2
0.37,-0.97,-2.2
0.37,-0.97,-2.2
0.37,-0.97,-2.2
0.37,-0.97,-2.2
0.37,-0.97,-2.2
0.37,-0.97,-2.2
0.37,-0.97,-2.2
0.37,-0.97,-2.2
0.37,-0.97,-2.2
0.34,-0.94,-2.18
0.32,-0.92,-2.17
0.29,-0.9,-2.15
0.27,-0.89,-2.14
0.24,-0.87,-2.12
0.21,-0.87,-2.11
0.19,-0.87,-2.09
0.16,-0.87,-2.08
0.14,-0.87,-2.06
0.11,-0.88,-2.05
0.06,-0.86,-2.02
0.01,-0.85,-1.99
-0.05,-0.84,-1.96
-0.09999999,-0.84,-1.93
-0.15,-0.84,-1.9
-0.2,-0.84,-1.87
-0.25,-0.85,-1.84
-0.31,-0.86,-1.81
-0.36,-0.87,-1.78
-0.41,-0.89,-1.75
-0.49,-0.88,-1.7
-0.57,-0.88,-1.66
-0.65,-0.88,-1.61
-0.72,-0.88,-1.57
-0.8,-0.89,-1.52
-0.88,-0.9,-1.48
-0.96,-0.92,-1.43
-1.06,-0.91,-1.37
-1.17,-0.9,-1.31
-1.27,-0.9,-1.26
-1.37,-0.9,-1.2
-1.48,-0.91,-1.14
-1.58,-0.92,-1.08
-1.69,-0.93,-1.02
-1.79,-0.95,-0.96
-1.89,-0.96,-0.9
-1.97,-0.95,-0.85
-2,-0.95,-0.88
-2.03,-0.94,-0.91
-2.06,-0.94,-0.93
-2.09,-0.95,-0.96
-2.12,-0.95,-0.9899999
-2.14,-0.96,-1.02
-2.17,-0.97,-1.04
-2.19,-0.97,-1.06
-2.21,-0.97,-1.08
-2.22,-0.97,-1.09
-2.27,-0.94,-1.09
-2.31,-0.92,-1.1
-2.35,-0.9,-1.1
-2.39,-0.89,-1.1
-2.44,-0.87,-1.1
-2.48,-0.87,-1.1
-2.52,-0.87,-1.1
-2.57,-0.87,-1.1
-2.61,-0.87,-1.11
-2.65,-0.88,-1.11
-2.69,-0.89,-1.11
-2.74,-0.91,-1.11
-2.78,-0.93,-1.11
-2.82,-0.96,-1.11
-2.85,-0.96,-1.11
-2.88,-0.97,-1.11
-2.9,-0.97,-1.12
-2.92,-0.97,-1.12
-2.93,-0.97,-1.12
-2.95,-0.97,-1.12
-2.96,-0.97,-1.12
-2.97,-0.97,-1.12
-2.97,-0.97,-1.12
-2.98,-0.97,-1.12
-2.98,-0.97,-1.12
-2.98,-0.97,-1.12
-2.98,-0.97,-1.12
-2.98,-0.97,-1.12
-2.98,-0.97,-1.12
-2.98,-0.97,-1.12
-2.98,-0.97,-1.12
-2.98,-0.97,-1.12
-2.98,-0.97,-1.12
-2.98,-0.97,-1.12
-2.98,-0.97,-1.12
-2.99,-0.97,-1.15
-2.99,-0.97,-1.15
-3,-0.97,-1.17
-3,-0.97,-1.21
-3,-0.97,-1.22
-3.01,-0.97,-1.24
-3.01,-0.97,-1.25
-3.01,-0.97,-1.27
-3.02,-0.97,-1.3
-3.02,-0.97,-1.32
-3.03,-0.97,-1.34
-3.03,-0.97,-1.35
-3.03,-0.97,-1.37
-3.04,-0.97,-1.4
-3.04,-0.97,-1.42
-3.04,-0.97,-1.43
-3.04,-0.97,-1.45
-3.04,-0.97,-1.47
-3.03,-0.97,-1.5
-3.03,-0.97,-1.52
-3.03,-0.97,-1.53
-3.03,-0.97,-1.55
-3.03,-0.97,-1.57
-3.04,-0.97,-1.6
-3.04,-0.97,-1.62
-3.04,-0.97,-1.63
-3.04,-0.97,-1.63
-3.04,-0.97,-1.63
-3.04,-0.97,-1.63
-3.04,-0.94,-1.6
-3.03,-0.92,-1.57
-3.03,-0.9,-1.54
-3.03,-0.89,-1.51
-3.03,-0.87,-1.48
-3.03,-0.87,-1.45
-3.02,-0.87,-1.42
-3.02,-0.87,-1.39
-3.02,-0.87,-1.36
-3.02,-0.88,-1.33
-3.01,-0.89,-1.3
-3.01,-0.88,-1.24
-3.01,-0.87,-1.18
-3,-0.87,-1.12
-3,-0.87,-1.06
-2.99,-0.87,-1.01
-2.99,-0.88,-0.95
-2.98,-0.89,-0.89
-2.98,-0.9,-0.83
-2.98,-0.92,-0.77
-2.97,-0.91,-0.68
-2.96,-0.91,-0.59
-2.96,-0.91,-0.5
-2.95,-0.91,-0.41
-2.94,-0.92,-0.32
-2.94,-0.93,-0.23
-2.93,-0.95,-0.14
-2.92,-0.96,-0.05
-2.92,-0.97,0.03
-2.91,-0.94,0.13
-2.9,-0.92,0.24
-2.89,-0.91,0.35
-2.89,-0.9,0.45
-2.88,-0.89,0.56
-2.87,-0.88,0.67
-2.86,-0.88,0.77
-2.85,-0.89,0.88
-2.85,-0.9,0.9899999
-2.84,-0.88,1.13
-2.83,-0.86,1.26
-2.82,-0.85,1.4
-2.81,-0.85,1.54
-2.8,-0.84,1.67
-2.79,-0.85,1.81
-2.8,-0.82,1.93
-2.8,-0.8,2.04
-2.79,-0.76,2.18
-2.79,-0.72,2.32
-2.78,-0.68,2.46
-2.77,-0.65,2.6
-2.77,-0.62,2.74
-2.76,-0.59,2.88
-2.76,-0.57,3.02
-2.75,-0.56,3.16
-2.75,-0.54,3.3
-2.74,-0.53,3.44
-2.73,-0.5,3.61
-2.72,-0.47,3.78
-2.72,-0.44,3.95
-2.71,-0.41,4.12
-2.7,-0.39,4.3
-2.69,-0.38,4.47
-2.68,-0.37,4.64
-2.68,-0.36,4.81
-2.67,-0.35,4.98
-2.66,-0.35,5.15
-2.65,-0.36,5.32
-2.65,-0.36,5.49
-2.64,-0.38,5.66
-2.63,-0.39,5.83
-2.62,-0.41,6
-2.61,-0.43,6.17
-2.61,-0.46,6.34
-2.6,-0.49,6.51
-2.59,-0.53,6.68
-2.58,-0.57,6.85
-2.58,-0.61,7.02
-2.57,-0.66,7.19
-2.56,-0.71,7.37
-2.55,-0.76,7.54
-2.54,-0.82,7.71
-2.54,-0.88,7.88
-2.53,-0.95,8.05
-2.52,-0.96,8.179999
-2.52,-0.97,8.309999
-2.51,-0.97,8.44
-2.49,-0.97,8.54
-2.48,-0.97,8.639999
-2.46,-0.97,8.74
-2.44,-0.97,8.83
-2.42,-0.97,8.929999
-2.41,-0.97,9.02
-2.4,-0.97,9.12
-2.39,-0.97,9.21
-2.37,-0.97,9.28
-2.36,-0.97,9.36
-2.36,-0.97,9.44
-2.35,-0.97,9.52
-2.35,-0.97,9.599999
-2.35,-0.94,9.69
-2.34,-0.92,9.79
-2.34,-0.9,9.92
-2.34,-0.89,10.04
-2.34,-0.87,10.16
-2.34,-0.87,10.29
-2.34,-0.87,10.41
-2.33,-0.87,10.53
-2.33,-0.87,10.66
-2.33,-0.88,10.78
-2.33,-0.89,10.9
-2.33,-0.91,11.02
-2.33,-0.9,11.18
-2.32,-0.9,11.33
-2.32,-0.9,11.48
-2.32,-0.9,11.64
-2.32,-0.91,11.79
-2.32,-0.92,11.94
-2.32,-0.93,12.09
-2.32,-0.95,12.25
-2.32,-0.96,12.4
-2.31,-0.97,12.53
-2.31,-0.94,12.7
-2.31,-0.92,12.87
-2.31,-0.91,12.98
-2.31,-0.9,12.98
-2.31,-0.89,12.98
-2.31,-0.89,12.98
-2.31,-0.89,12.98
-2.31,-0.89,12.98
-2.31,-0.9,12.98
-2.31,-0.91,12.98
-2.31,-0.91,12.98
-2.31,-0.92,12.98
-2.31,-0.92,12.98
-2.31,-0.94,12.98
-2.31,-0.95,12.98
-2.31,-0.96,12.98
-2.31,-0.97,12.98
-2.31,-0.97,12.98
-2.31,-0.97,12.98
-2.31,-0.97,12.98
-2.31,-0.97,12.98
-2.31,-0.97,12.98
-2.31,-0.97,12.98
-2.31,-0.97,12.98
-2.31,-0.97,12.98
-2.31,-0.97,12.98
-2.31,-0.97,12.98
-2.31,-0.97,12.98
-2.31,-0.97,12.98
-2.31,-0.97,12.98
-2.31,-0.97,12.98
-2.31,-0.97,12.98
-2.31,-0.97,12.98
-2.31,-0.97,12.98
-2.31,-0.97,12.98
-2.31,-0.97,12.98
-2.31,-0.97,12.98
-2.31,-0.97,12.98
-2.31,-0.97,12.98
-2.31,-0.97,12.98
-2.31,-0.97,12.98
-2.31,-0.97,12.98
-2.31,-0.97,12.98
-2.31,-0.97,12.98
-2.31,-0.97,12.98
-2.31,-0.97,12.98
-2.31,-0.97,12.98
-2.31,-0.97,12.98
-2.31,-0.97,12.98
-2.31,-0.97,12.98
-2.31,-0.97,12.98
-2.31,-0.97,12.98
-2.31,-0.97,12.98
-2.31,-0.97,12.98
-2.31,-0.97,12.98
-2.31,-0.97,12.98
-2.31,-0.97,12.98
-2.31,-0.97,12.98
-2.31,-0.97,12.98
-2.31,-0.97,12.98
-2.31,-0.97,12.98
-2.31,-0.97,12.98
-2.31,-0.97,12.98
-2.31,-0.97,12.98
-2.31,-0.97,12.98
-2.31,-0.97,12.98
-2.31,-0.97,12.98
-2.31,-0.97,12.98
-2.31,-0.97,12.98
-2.31,-0.97,12.98
-2.31,-0.97,12.98
-2.31,-0.97,12.98
-2.31,-0.97,12.98
-2.31,-0.97,12.98
-2.31,-0.97,12.98
-2.31,-0.97,12.98
-2.31,-0.97,12.98
-2.31,-0.97,12.98
-2.31,-0.97,12.98
-2.31,-0.97,12.98
-2.31,-0.97,12.98
-2.31,-0.97,12.98
-2.31,-0.97,12.98
-2.31,-0.97,12.98
-2.31,-0.97,12.98
-2.31,-0.97,12.98
-2.31,-0.97,12.98
-2.31,-0.97,12.98
-2.31,-0.97,12.98
-2.31,-0.97,12.98
-2.31,-0.97,12.98
-2.31,-0.97,12.98
-2.31,-0.97,12.98
-2.31,-0.97,12.98
-2.31,-0.97,12.98
-2.31,-0.97,12.98
-2.31,-0.97,12.98
-2.31,-0.97,12.98
-2.31,-0.97,12.98
-2.31,-0.97,12.98
-2.31,-0.97,12.98
-2.31,-0.97,12.98
-2.31,-0.97,12.98
-2.31,-0.97,12.98
-2.31,-0.97,12.98
-2.31,-0.97,12.98
-2.31,-0.97,12.98
-2.31,-0.97,12.98
-2.31,-0.97,12.98
-2.31,-0.97,12.98
-2.31,-0.97,12.98
-2.31,-0.97,12.98
-2.31,-0.97,12.98
-2.31,-0.97,12.98
-2.31,-0.97,12.98
-2.31,-0.97,12.98
-2.31,-0.97,12.98
-2.31,-0.97,12.98
-2.31,-0.97,12.98
-2.31,-0.97,12.98
-2.31,-0.97,12.98
-2.31,-0.97,12.98
-2.31,-0.97,12.98
-2.31,-0.97,12.98
-2.31,-0.97,12.98
-2.31,-0.97,12.98
-2.31,-0.97,12.98
-2.31,-0.97,12.98
-2.31,-0.97,12.98
-2.31,-0.97,12.98
-2.31,-0.97,12.98
-2.31,-0.97,12.98
-2.31,-0.97,12.98
-2.31,-0.97,12.98
-2.31,-0.97,12.98
-2.31,-0.97,12.98
-2.31,-0.97,12.98
-2.31,-0.97,12.98
-2.31,-0.97,12.98
-2.31,-0.97,12.98
-2.31,-0.97,12.98
-2.31,-0.97,12.98
-2.31,-0.97,12.98
-2.31,-0.97,12.98
-2.31,-0.97,12.98
-2.31,-0.97,12.98
-2.31,-0.97,12.98
-2.31,-0.97,12.98
-2.31,-0.97,12.98
-2.31,-0.97,12.98
-2.31,-0.97,12.98
-2.31,-0.97,12.98
-2.31,-0.97,12.98
-2.31,-0.97,12.98
-2.31,-0.97,12.98
-2.31,-0.97,12.98
-2.31,-0.97,12.98
-2.31,-0.97,12.98
-2.31,-0.97,12.98
-2.31,-0.97,12.98
-2.31,-0.97,12.98
-2.31,-0.97,12.98
-2.31,-0.97,12.98
-2.31,-0.97,12.98
-2.31,-0.97,12.98
-2.31,-0.97,12.98
-2.31,-0.97,12.98
-2.31,-0.97,12.98
-2.31,-0.97,12.98
-2.31,-0.97,12.98
-2.31,-0.97,12.98
-2.31,-0.97,12.98
-2.31,-0.97,12.98
-2.31,-0.97,12.98
-2.31,-0.97,12.98
-2.31,-0.97,12.98
-2.31,-0.97,12.98
-2.31,-0.97,12.98
-2.31,-0.97,12.98
-2.31,-0.97,12.98
-2.31,-0.97,12.98
-2.31,-0.97,12.98
-2.31,-0.97,12.98
-2.31,-0.97,12.98
-2.31,-0.97,12.98
-2.31,-0.97,12.98
-2.31,-0.97,12.98
-2.31,-0.97,12.98
-2.31,-0.97,12.98
-2.31,-0.97,12.98
-2.31,-0.97,12.98
-2.31,-0.97,12.98
-2.31,-0.97,12.98
-2.31,-0.97,12.98
-2.31,-0.97,12.98
-2.31,-0.97,12.98
-2.31,-0.97,12.98
-2.31,-0.97,12.98
-2.31,-0.97,12.98
-2.31,-0.97,12.98
-2.31,-0.97,12.98
-2.31,-0.97,12.98
-2.31,-0.97,12.98
-2.31,-0.97,12.98
-2.31,-0.97,12.98
-2.31,-0.97,12.98
-2.31,-0.97,12.98
-2.31,-0.97,12.98
-2.31,-0.97,12.98
-2.31,-0.97,12.98
-2.31,-0.97,12.98
-2.31,-0.97,12.98
-2.31,-0.97,12.98
-2.31,-0.97,12.98
-2.31,-0.97,12.98
-2.31,-0.97,12.98
-2.31,-0.97,12.98
-2.31,-0.97,12.98
-2.31,-0.97,12.98
-2.31,-0.97,12.98
-2.31,-0.97,12.98
-2.31,-0.97,12.98
-2.31,-0.97,12.98
-2.31,-0.97,12.98
-2.31,-0.97,12.98
-2.31,-0.97,12.98
-2.31,-0.97,12.98
-2.31,-0.97,12.98
-2.31,-0.97,12.98
-2.31,-0.97,12.98
-2.31,-0.97,12.98
-2.31,-0.97,12.98
-2.31,-0.97,12.98
-2.31,-0.97,12.98
-2.31,-0.97,12.98
-2.31,-0.97,12.98
-2.31,-0.97,12.98
-2.31,-0.97,12.98
-2.31,-0.97,12.98
-2.31,-0.97,12.98
-2.31,-0.97,12.98
-2.31,-0.97,12.98
-2.31,-0.97,12.98
-2.31,-0.97,12.98
-2.31,-0.97,12.98
-2.31,-0.97,12.98
-2.31,-0.97,12.98
-2.31,-0.97,12.98
-2.31,-0.97,12.98
-2.31,-0.97,12.98
-2.31,-0.97,12.98
-2.31,-0.97,12.98
-2.31,-0.97,12.98
-2.31,-0.97,12.98
-2.31,-0.97,12.98
-2.31,-0.97,12.98
-2.31,-0.97,12.98
-2.31,-0.97,12.98
-2.31,-0.97,12.98
-2.31,-0.97,12.98
-2.31,-0.97,12.98
-2.31,-0.97,12.98
-2.31,-0.97,12.98
-2.31,-0.97,12.98
-2.31,-0.97,12.98
-2.31,-0.97,12.98
-2.31,-0.97,12.98
-2.31,-0.97,12.98
-2.31,-0.97,12.98
-2.31,-0.97,12.98
-2.31,-0.97,12.98
-2.31,-0.97,12.98
-2.31,-0.97,12.98
-2.31,-0.97,12.98
-2.31,-0.97,12.98
-2.31,-0.97,12.98
-2.31,-0.97,12.98
-2.31,-0.97,12.98
-2.31,-0.97,12.98
-2.31,-0.97,12.98
-2.31,-0.97,12.98
-2.31,-0.97,12.98
-2.31,-0.97,12.98
-2.31,-0.97,12.98
-2.31,-0.97,12.98
-2.31,-0.97,12.98
-2.31,-0.97,12.98
-2.31,-0.97,12.98
-2.31,-0.97,12.98
-2.31,-0.97,12.98
-2.3,-0.97,12.96
-2.29,-0.97,12.95
-2.28,-0.97,12.93
-2.26,-0.97,12.9
-2.25,-0.97,12.89
-2.24,-0.97,12.87
-2.23,-0.97,12.86
-2.22,-0.97,12.84
-2.21,-0.97,12.81
-2.2,-0.97,12.8
-2.19,-0.97,12.79
-2.18,-0.97,12.77
-2.18,-0.97,12.75
-2.17,-0.97,12.72
-2.16,-0.97,12.71
-2.15,-0.97,12.69
-2.15,-0.97,12.68
-2.14,-0.97,12.66
-2.14,-0.97,12.64
-2.13,-0.97,12.61
-2.12,-0.97,12.6
-2.12,-0.97,12.58
-2.11,-0.97,12.57
-2.1,-0.97,12.54
-2.09,-0.97,12.52
-2.09,-0.97,12.5
-2.08,-0.97,12.49
-2.07,-0.97,12.47
-2.06,-0.97,12.44
-2.05,-0.97,12.43
-2.04,-0.97,12.42
-2.03,-0.97,12.4
-2.02,-0.97,12.39
-2,-0.97,12.36
-1.99,-0.97,12.35
-1.98,-0.97,12.33
-1.97,-0.97,12.32
-1.96,-0.97,12.31
-1.94,-0.97,12.28
-1.93,-0.97,12.27
-1.92,-0.97,12.26
-1.91,-0.97,12.25
-1.9,-0.97,12.23
-1.87,-0.97,12.21
-1.86,-0.97,12.2
-1.85,-0.97,12.18
-1.84,-0.97,12.17
-1.82,-0.97,12.15
-1.8,-0.97,12.14
-1.79,-0.97,12.13
-1.78,-0.97,12.12
-1.76,-0.97,12.11
-1.75,-0.97,12.1
-1.72,-0.97,12.08
-1.71,-0.97,12.07
-1.7,-0.97,12.06
-1.68,-0.97,12.05
-1.65,-0.97,12.03
-1.64,-0.97,12.02
-1.62,-0.97,12.02
-1.61,-0.97,12.01
-1.59,-0.97,12
-1.58,-0.97,11.99
-1.55,-0.97,11.98
-1.54,-0.97,11.97
-1.52,-0.97,11.96
-1.51,-0.97,11.96
-1.48,-0.97,11.94
-1.46,-0.97,11.94
-1.44,-0.97,11.93
-1.43,-0.97,11.92
-1.42,-0.97,11.91
-1.4,-0.97,11.91
-1.37,-0.97,11.89
-1.36,-0.97,11.88
-1.34,-0.97,11.88
-1.33,-0.97,11.87
-1.31,-0.97,11.86
-1.28,-0.97,11.85
-1.27,-0.97,11.84
-1.25,-0.97,11.83
-1.23,-0.97,11.82
-1.23,-0.97,11.82
-1.19,-0.97,11.8
-1.18,-0.97,11.79
-1.18,-0.97,11.79
-1.15,-0.97,11.78
-1.12,-0.97,11.76
-1.1,-0.97,11.75
-1.09,-0.97,11.75
-1.07,-0.97,11.74
-1.06,-0.97,11.73
-1.03,-0.97,11.72
-1.02,-0.97,11.71
-1,-0.97,11.7
-0.9899999,-0.97,11.69
-0.97,-0.97,11.68
-0.96,-0.97,11.68
-0.93,-0.97,11.66
-0.91,-0.97,11.65
-0.9,-0.97,11.64
-0.88,-0.97,11.64
-0.86,-0.97,11.62
-0.84,-0.97,11.61
-0.83,-0.97,11.6
-0.81,-0.97,11.59
-0.8,-0.97,11.58
-0.77,-0.97,11.56
-0.76,-0.97,11.55
-0.75,-0.97,11.54
-0.73,-0.97,11.53
-0.72,-0.97,11.52
-0.7,-0.97,11.51
-0.69,-0.97,11.5
-0.67,-0.97,11.48
-0.65,-0.97,11.47
-0.64,-0.97,11.46
-0.61,-0.97,11.44
-0.6,-0.97,11.43
-0.59,-0.97,11.42
-0.57,-0.97,11.41
-0.56,-0.97,11.4
-0.54,-0.97,11.39
-0.52,-0.97,11.38
-0.5,-0.97,11.37
-0.49,-0.97,11.36
-0.47,-0.97,11.35
-0.46,-0.97,11.34
-0.43,-0.97,11.32
-0.42,-0.97,11.31
-0.4,-0.97,11.3
-0.39,-0.97,11.29
-0.36,-0.97,11.27
-0.35,-0.97,11.26
-0.34,-0.97,11.26
-0.32,-0.97,11.25
-0.31,-0.97,11.24
-0.29,-0.97,11.23
-0.26,-0.97,11.22
-0.26,-0.97,11.22
-0.26,-0.97,11.22
-0.26,-0.97,11.22
-0.26,-0.97,11.22
-0.26,-0.97,11.22
-0.26,-0.97,11.22
-0.26,-0.97,11.22
-0.26,-0.97,11.22
-0.26,-0.97,11.22
-0.26,-0.97,11.22
-0.26,-0.97,11.22
-0.26,-0.97,11.22
-0.26,-0.97,11.22
-0.26,-0.97,11.22
-0.26,-0.97,11.22
-0.26,-0.97,11.22
-0.26,-0.97,11.22
-0.26,-0.97,11.22
-0.26,-0.97,11.22
-0.26,-0.97,11.22
-0.26,-0.97,11.22
-0.26,-0.97,11.22
-0.26,-0.97,11.22
-0.26,-0.97,11.22
-0.26,-0.97,11.22
-0.26,-0.97,11.22
-0.26,-0.97,11.22
-0.26,-0.97,11.22
-0.26,-0.97,11.22
-0.26,-0.97,11.22
-0.26,-0.97,11.22
-0.26,-0.97,11.22
-0.26,-0.97,11.22
-0.26,-0.97,11.22
-0.26,-0.97,11.22
-0.26,-0.97,11.22
-0.26,-0.97,11.22
-0.26,-0.97,11.22
-0.26,-0.97,11.22
-0.26,-0.97,11.22
-0.26,-0.97,11.22
-0.26,-0.97,11.22
-0.26,-0.97,11.22
-0.26,-0.97,11.22
-0.26,-0.97,11.22
-0.26,-0.97,11.22
-0.26,-0.97,11.22
-0.26,-0.97,11.22
-0.26,-0.97,11.22
-0.26,-0.97,11.22
-0.26,-0.97,11.22
-0.26,-0.97,11.22
-0.26,-0.97,11.22
-0.26,-0.97,11.22
-0.26,-0.97,11.22
-0.26,-0.97,11.22
-0.26,-0.97,11.22
-0.26,-0.97,11.22
-0.26,-0.97,11.22
-0.26,-0.97,11.22
-0.26,-0.97,11.22
-0.26,-0.97,11.22
-0.26,-0.97,11.22
-0.26,-0.97,11.22
-0.26,-0.97,11.22
-0.26,-0.97,11.22
-0.26,-0.97,11.22
-0.26,-0.97,11.22
-0.26,-0.97,11.22
-0.26,-0.97,11.22
-0.26,-0.97,11.22
-0.26,-0.97,11.22
-0.26,-0.97,11.22
-0.26,-0.97,11.22
-0.26,-0.97,11.22
-0.26,-0.97,11.22
-0.26,-0.97,11.22
-0.26,-0.97,11.22
-0.26,-0.97,11.22
-0.26,-0.97,11.22
-0.26,-0.97,11.22
-0.26,-0.97,11.22
-0.26,-0.97,11.22
-0.26,-0.97,11.22
-0.26,-0.97,11.22
-0.26,-0.97,11.22
-0.26,-0.97,11.22
-0.26,-0.97,11.22
-0.26,-0.97,11.22
-0.26,-0.97,11.22
-0.26,-0.97,11.22
-0.26,-0.97,11.22
-0.26,-0.97,11.22
-0.26,-0.97,11.22
-0.26,-0.97,11.22
-0.26,-0.97,11.22
-0.26,-0.97,11.22
-0.26,-0.97,11.22
-0.26,-0.97,11.22
-0.26,-0.97,11.22
-0.26,-0.97,11.22
-0.26,-0.97,11.22
-0.26,-0.97,11.22
-0.26,-0.97,11.22
-0.26,-0.97,11.22
-0.26,-0.97,11.22
-0.26,-0.97,11.22
-0.26,-0.97,11.22
-0.26,-0.97,11.22
-0.26,-0.97,11.22
-0.26,-0.97,11.22
-0.26,-0.97,11.22
-0.26,-0.97,11.22
-0.26,-0.97,11.22
-0.26,-0.97,11.22
-0.26,-0.97,11.22
-0.26,-0.97,11.22
-0.26,-0.97,11.22
-0.26,-0.97,11.22
-0.26,-0.97,11.22
-0.26,-0.97,11.22
-0.26,-0.97,11.22
-0.26,-0.97,11.22
-0.24,-0.97,11.19
-0.23,-0.97,11.17
-0.23,-0.97,11.17
-0.21,-0.97,11.14
-0.22,-0.97,11.13
-0.22,-0.97,11.11
-0.23,-0.97,11.08
-0.24,-0.97,11.07
-0.24,-0.97,11.05
-0.25,-0.97,11.04
-0.26,-0.97,11.02
-0.27,-0.97,10.99
-0.28,-0.97,10.98
-0.29,-0.97,10.96
-0.3,-0.97,10.95
-0.31,-0.97,10.94
-0.33,-0.97,10.91
-0.34,-0.97,10.9
-0.35,-0.97,10.88
-0.36,-0.97,10.87
-0.37,-0.97,10.86
-0.39,-0.97,10.84
-0.41,-0.97,10.82
-0.42,-0.97,10.81
-0.43,-0.97,10.79
-0.44,-0.97,10.78
-0.46,-0.97,10.76
-0.47,-0.97,10.74
-0.48,-0.97,10.73
-0.49,-0.97,10.72
-0.5,-0.97,10.71
-0.53,-0.97,10.68
-0.54,-0.97,10.67
-0.55,-0.97,10.65
-0.56,-0.97,10.64
-0.57,-0.97,10.63
-0.59,-0.97,10.6
-0.6,-0.97,10.59
-0.61,-0.97,10.58
-0.62,-0.97,10.56
-0.63,-0.97,10.55
-0.65,-0.97,10.53
-0.66,-0.97,10.51
-0.67,-0.97,10.5
-0.68,-0.97,10.49
-0.7,-0.97,10.47
-0.72,-0.97,10.45
-0.73,-0.97,10.44
-0.74,-0.97,10.42
-0.75,-0.97,10.41
-0.76,-0.97,10.4
-0.78,-0.97,10.37
-0.79,-0.97,10.36
-0.8,-0.97,10.35
-0.81,-0.97,10.33
-0.82,-0.97,10.32
-0.84,-0.97,10.29
-0.85,-0.97,10.28
-0.86,-0.97,10.26
-0.87,-0.97,10.25
-0.87,-0.97,10.24
-0.89,-0.97,10.21
-0.9,-0.97,10.19
-0.9,-0.97,10.19
-0.92,-0.97,10.16
-0.92,-0.97,10.15
-0.94,-0.97,10.12
-0.95,-0.97,10.1
-0.96,-0.97,10.09
-0.96,-0.97,10.08
-0.97,-0.97,10.06
-0.9899999,-0.97,10.03
-1,-0.97,10.02
-1,-0.97,10
-1.01,-0.97,9.99
-1.02,-0.97,9.969999
-1.04,-0.97,9.95
-1.05,-0.97,9.929999
-1.06,-0.97,9.92
-1.07,-0.97,9.9
-1.08,-0.97,9.889999
-1.1,-0.97,9.86
-1.1,-0.97,9.849999
-1.11,-0.97,9.84
-1.12,-0.97,9.82
-1.13,-0.97,9.809999
-1.15,-0.97,9.78
-1.16,-0.97,9.77
-1.17,-0.97,9.75
-1.18,-0.97,9.74
-1.19,-0.97,9.73
-1.21,-0.97,9.7
-1.22,-0.97,9.69
-1.23,-0.97,9.67
-1.24,-0.97,9.66
-1.25,-0.97,9.639999
-1.27,-0.97,9.62
-1.28,-0.97,9.599999
-1.28,-0.97,9.59
-1.29,-0.97,9.57
-1.3,-0.97,9.559999
-1.32,-0.97,9.53
-1.33,-0.97,9.52
-1.33,-0.97,9.5
-1.34,-0.97,9.49
-1.35,-0.97,9.469999
-1.36,-0.97,9.45
-1.37,-0.97,9.429999
-1.38,-0.97,9.41
-1.39,-0.97,9.4
-1.39,-0.97,9.38
-1.41,-0.97,9.349999
-1.42,-0.97,9.34
-1.42,-0.97,9.32
-1.43,-0.97,9.309999
-1.44,-0.97,9.29
-1.45,-0.97,9.26
-1.46,-0.97,9.25
-1.47,-0.97,9.23
-1.48,-0.97,9.22
-1.48,-0.97,9.2
-1.5,-0.97,9.17
-1.51,-0.97,9.16
-1.51,-0.97,9.15
-1.52,-0.97,9.13
-1.53,-0.97,9.11
-1.54,-0.97,9.09
-1.55,-0.97,9.07
-1.56,-0.97,9.05
-1.56,-0.97,9.04
-1.57,-0.97,9.02
-1.59,-0.97,8.99
-1.59,-0.97,8.98
-1.6,-0.97,8.96
-1.61,-0.97,8.95
-1.61,-0.97,8.929999
-1.63,-0.97,8.9
-1.63,-0.97,8.889999
-1.64,-0.97,8.87
-1.64,-0.97,8.849999
-1.64,-0.97,8.84
-1.65,-0.97,8.8
-1.65,-0.97,8.79
-1.65,-0.97,8.77
-1.66,-0.97,8.75
-1.66,-0.97,8.72
-1.66,-0.97,8.71
-1.66,-0.97,8.69
-1.66,-0.97,8.67
-1.67,-0.97,8.66
-1.67,-0.97,8.639999
-1.67,-0.97,8.62
-1.67,-0.97,8.599999
-1.67,-0.97,8.57
-1.67,-0.97,8.559999
-1.67,-0.97,8.54
-1.67,-0.97,8.51
-1.66,-0.97,8.49
-1.66,-0.97,8.47
-1.66,-0.97,8.46
-1.66,-0.97,8.44
-1.65,-0.97,8.41
-1.65,-0.97,8.389999
-1.65,-0.97,8.38
-1.64,-0.97,8.36
-1.64,-0.97,8.34
-1.63,-0.97,8.309999
-1.63,-0.97,8.29
-1.63,-0.97,8.28
-1.62,-0.97,8.26
-1.62,-0.97,8.24
-1.61,-0.97,8.21
-1.61,-0.97,8.19
-1.6,-0.97,8.179999
-1.6,-0.97,8.16
-1.6,-0.97,8.15
-1.59,-0.97,8.11
-1.58,-0.97,8.099999
-1.58,-0.97,8.08
-1.58,-0.97,8.07
-1.57,-0.97,8.05
-1.56,-0.97,8.02
-1.56,-0.97,8
-1.56,-0.97,7.98
-1.55,-0.97,7.97
-1.55,-0.97,7.95
-1.55,-0.97,7.92
-1.55,-0.97,7.9
-1.55,-0.97,7.89
-1.55,-0.97,7.87
-1.54,-0.97,7.85
-1.54,-0.97,7.82
-1.54,-0.97,7.8
-1.54,-0.97,7.79
-1.54,-0.97,7.77
-1.54,-0.97,7.75
-1.54,-0.97,7.72
-1.54,-0.97,7.7
-1.54,-0.97,7.69
-1.54,-0.97,7.67
-1.54,-0.97,7.65
-1.54,-0.97,7.63
-1.54,-0.97,7.61
-1.54,-0.97,7.58
-1.54,-0.97,7.57
-1.55,-0.97,7.55
-1.55,-0.97,7.52
-1.55,-0.97,7.5
-1.55,-0.97,7.49
-1.55,-0.97,7.47
-1.55,-0.97,7.45
-1.55,-0.97,7.42
-1.56,-0.97,7.4
-1.56,-0.97,7.39
-1.56,-0.97,7.37
-1.56,-0.97,7.35
-1.56,-0.97,7.32
-1.57,-0.97,7.3
-1.57,-0.97,7.29
-1.57,-0.97,7.27
-1.57,-0.97,7.25
-1.57,-0.97,7.22
-1.57,-0.97,7.2
-1.58,-0.97,7.19
-1.58,-0.97,7.17
-1.58,-0.97,7.15
-1.58,-0.97,7.12
-1.58,-0.97,7.1
-1.58,-0.97,7.09
-1.59,-0.97,7.07
-1.59,-0.97,7.05
-1.59,-0.97,7.02
-1.59,-0.97,7
-1.59,-0.97,6.99
-1.59,-0.97,6.97
-1.59,-0.97,6.95
-1.6,-0.97,6.92
-1.6,-0.97,6.9
-1.6,-0.97,6.89
-1.6,-0.97,6.87
-1.6,-0.97,6.85
-1.6,-0.97,6.82
-1.6,-0.97,6.8
-1.61,-0.97,6.79
-1.61,-0.97,6.77
-1.61,-0.97,6.75
-1.61,-0.97,6.72
-1.61,-0.91,6.7
-1.61,-0.86,6.69
-1.61,-0.81,6.67
-1.61,-0.77,6.65
-1.62,-0.72,6.62
-1.62,-0.69,6.6
-1.62,-0.66,6.59
-1.62,-0.63,6.57
-1.62,-0.6,6.57
-1.62,-0.58,6.52
-1.62,-0.56,6.5
-1.62,-0.55,6.49
-1.62,-0.54,6.47
-1.62,-0.54,6.45
-1.62,-0.54,6.42
-1.62,-0.54,6.4
-1.62,-0.55,6.39
-1.63,-0.56,6.37
-1.63,-0.57,6.35
-1.63,-0.59,6.32
-1.63,-0.61,6.3
-1.63,-0.64,6.29
-1.63,-0.67,6.27
-1.63,-0.7,6.26
-1.63,-0.74,6.22
-1.63,-0.78,6.2
-1.63,-0.83,6.19
-1.63,-0.88,6.17
-1.63,-0.93,6.16
-1.63,-0.9899999,6.12
-1.63,-0.97,6.1
-1.63,-0.97,6.09
-1.63,-0.97,6.07
-1.63,-0.97,6.05
-1.63,-0.97,6.02
-1.63,-0.97,6
-1.63,-0.97,5.99
-1.64,-0.97,5.97
-1.64,-0.97,5.95
-1.64,-0.97,5.92
-1.64,-0.97,5.9
-1.64,-0.97,5.89
-1.64,-0.97,5.87
-1.64,-0.97,5.85
-1.64,-0.97,5.82
-1.64,-0.97,5.8
-1.64,-0.97,5.79
-1.64,-0.97,5.77
-1.64,-0.91,5.75
-1.64,-0.86,5.72
-1.64,-0.81,5.7
-1.64,-0.77,5.69
-1.64,-0.72,5.67
-1.64,-0.69,5.65
-1.64,-0.66,5.62
-1.64,-0.63,5.6
-1.64,-0.6,5.59
-1.64,-0.58,5.57
-1.64,-0.56,5.55
-1.64,-0.55,5.52
-1.64,-0.54,5.5
-1.64,-0.54,5.49
-1.64,-0.54,5.47
-1.64,-0.54,5.45
-1.64,-0.55,5.43
-1.64,-0.56,5.4
-1.64,-0.57,5.39
-1.64,-0.59,5.37
-1.64,-0.61,5.35
-1.64,-0.64,5.32
-1.63,-0.67,5.3
-1.63,-0.7,5.29
-1.63,-0.74,5.27
-1.63,-0.78,5.25
-1.63,-0.83,5.22
-1.63,-0.88,5.2
-1.63,-0.93,5.19
-1.63,-0.9899999,5.17
-1.63,-0.97,5.15
-1.62,-0.97,5.12
-1.62,-0.97,5.1
-1.62,-0.97,5.09
-1.62,-0.97,5.07
-1.61,-0.97,5.06
-1.61,-0.97,5.02
-1.61,-0.97,5
-1.6,-0.97,4.99
-1.6,-0.97,4.97
-1.6,-0.97,4.96
-1.59,-0.97,4.92
-1.59,-0.97,4.91
-1.58,-0.91,4.89
-1.58,-0.86,4.88
-1.58,-0.81,4.86
-1.57,-0.77,4.83
-1.57,-0.72,4.81
-1.56,-0.69,4.79
-1.56,-0.66,4.78
-1.56,-0.63,4.76
-1.55,-0.6,4.73
-1.54,-0.58,4.71
-1.54,-0.56,4.7
-1.54,-0.55,4.68
-1.53,-0.54,4.66
-1.53,-0.54,4.65
-1.52,-0.54,4.61
-1.52,-0.54,4.6
-1.51,-0.55,4.58
-1.51,-0.56,4.57
-1.5,-0.57,4.53
-1.5,-0.59,4.52
-1.49,-0.61,4.5
-1.49,-0.64,4.49
-1.48,-0.67,4.47
-1.48,-0.7,4.44
-1.47,-0.74,4.42
-1.47,-0.78,4.4
-1.47,-0.83,4.39
-1.46,-0.88,4.37
-1.46,-0.93,4.36
-1.45,-0.9899999,4.32
-1.45,-0.97,4.31
-1.45,-0.97,4.29
-1.44,-0.97,4.27
-1.44,-0.97,4.25
-1.43,-0.97,4.22
-1.43,-0.97,4.21
-1.43,-0.97,4.19
-1.43,-0.97,4.18
-1.42,-0.97,4.14
-1.42,-0.97,4.12
-1.42,-0.97,4.11
-1.42,-0.97,4.09
-1.42,-0.97,4.08
-1.42,-0.97,4.06
-1.41,-0.97,4.02
-1.41,-0.97,4.01
-1.41,-0.97,3.99
-1.41,-0.97,3.98
-1.41,-0.97,3.94
-1.41,-0.97,3.92
-1.41,-0.97,3.91
-1.41,-0.97,3.89
-1.41,-0.97,3.87
-1.41,-0.97,3.84
-1.41,-0.97,3.82
-1.41,-0.97,3.81
-1.41,-0.97,3.79
-1.41,-0.97,3.77
-1.41,-0.97,3.74
-1.41,-0.97,3.72
-1.42,-0.97,3.71
-1.42,-0.97,3.69
-1.42,-0.97,3.67
-1.43,-0.97,3.64
-1.44,-0.97,3.63
-1.44,-0.97,3.61
-1.45,-0.97,3.6
-1.45,-0.97,3.58
-1.47,-0.97,3.55
-1.47,-0.97,3.54
-1.48,-0.97,3.52
-1.49,-0.97,3.51
-1.5,-0.97,3.49
-1.51,-0.97,3.48
-1.53,-0.97,3.45
-1.54,-0.97,3.44
-1.56,-0.97,3.43
-1.57,-0.97,3.43
-1.6,-0.97,3.41
-1.62,-0.97,3.4
-1.63,-0.97,3.4
-1.65,-0.97,3.39
-1.66,-0.97,3.38
-1.69,-0.97,3.37
-1.71,-0.97,3.37
-1.73,-0.97,3.37
-1.74,-0.97,3.37
-1.76,-0.97,3.36
-1.78,-0.97,3.36
-1.81,-0.97,3.36
-1.83,-0.97,3.35
-1.84,-0.97,3.35
-1.86,-0.97,3.35
-1.89,-0.97,3.34
-1.91,-0.97,3.34
-1.92,-0.97,3.34
-1.95,-0.97,3.34
-1.95,-0.97,3.34
-1.99,-0.97,3.33
-2.01,-0.97,3.33
-2.02,-0.97,3.33
-2.04,-0.97,3.33
-2.06,-0.97,3.34
-2.09,-0.97,3.35
-2.11,-0.97,3.35
-2.12,-0.97,3.35
-2.14,-0.97,3.36
-2.15,-0.97,3.36
-2.19,-0.97,3.37
-2.2,-0.97,3.37
-2.22,-0.97,3.37
-2.24,-0.97,3.38
-2.25,-0.97,3.38
-2.29,-0.97,3.38
-2.3,-0.97,3.38
-2.32,-0.97,3.38
-2.34,-0.97,3.38
-2.35,-0.97,3.38
-2.39,-0.97,3.38
-2.4,-0.97,3.38
-2.42,-0.97,3.38
-2.44,-0.97,3.38
-2.45,-0.97,3.39
-2.47,-0.97,3.39
-2.5,-0.97,3.38
-2.52,-0.97,3.38
-2.53,-0.97,3.38
-2.55,-0.97,3.37
-2.58,-0.97,3.36
-2.6,-0.97,3.36
-2.62,-0.97,3.36
-2.63,-0.97,3.35
-2.65,-0.97,3.35
-2.68,-0.97,3.34
-2.7,-0.97,3.33
-2.71,-0.97,3.33
-2.73,-0.97,3.33
-2.75,-0.97,3.32
-2.76,-0.97,3.32
-2.79,-0.97,3.31
-2.81,-0.97,3.3
-2.83,-0.97,3.3
-2.84,-0.97,3.3
-2.86,-0.97,3.29
-2.89,-0.97,3.28
-2.91,-0.97,3.28
-2.92,-0.97,3.27
-2.94,-0.97,3.27
-2.95,-0.97,3.26
-2.99,-0.97,3.26
-3,-0.97,3.25
-3.02,-0.97,3.25
-3.04,-0.97,3.25
-3.07,-0.97,3.24
-3.09,-0.97,3.24
-3.1,-0.97,3.24
-3.12,-0.97,3.24
-3.13,-0.97,3.24
-3.15,-0.97,3.24
-3.18,-0.97,3.24
-3.2,-0.97,3.24
-3.22,-0.97,3.24
-3.23,-0.97,3.24
-3.27,-0.97,3.23
-3.28,-0.97,3.23
-3.28,-0.97,3.23
-3.32,-0.97,3.23
-3.33,-0.97,3.23
-3.37,-0.97,3.23
-3.38,-0.97,3.23
-3.4,-0.97,3.23
-3.42,-0.97,3.23
-3.43,-0.97,3.23
-3.46,-0.97,3.23
-3.46,-0.97,3.21
-3.45,-0.96,3.2
-3.44,-0.96,3.2
-3.44,-0.97,3.2
-3.43,-0.97,3.19
-3.43,-0.97,3.19
-3.43,-0.97,3.19
-3.43,-0.97,3.19
-3.43,-0.97,3.19
-3.43,-0.97,3.19
-3.43,-0.97,3.19
-3.43,-0.97,3.19
-3.43,-0.97,3.19
-3.43,-0.97,3.19
-3.43,-0.97,3.19
-3.43,-0.97,3.19
-3.43,-0.97,3.19
-3.43,-0.97,3.19
-3.43,-0.97,3.19
-3.43,-0.97,3.19
-3.45,-0.97,3.2
-3.46,-0.97,3.2
-3.49,-0.97,3.21
-3.5,-0.97,3.21
-3.53,-0.97,3.23
-3.55,-0.97,3.23
-3.56,-0.97,3.23
-3.56,-0.97,3.23
-3.56,-0.97,3.23
-3.56,-0.97,3.23
-3.56,-0.97,3.23
-3.56,-0.97,3.23
-3.56,-0.97,3.23
-3.56,-0.97,3.23
-3.56,-0.97,3.23
-3.56,-0.97,3.23
-3.56,-0.97,3.23
-3.56,-0.97,3.23
-3.56,-0.97,3.23
-3.56,-0.97,3.23
-3.56,-0.97,3.23
-3.56,-0.97,3.23
-3.56,-0.97,3.23
-3.56,-0.97,3.23
-3.56,-0.97,3.23
-3.56,-0.97,3.23
-3.56,-0.97,3.23
-3.56,-0.97,3.23
-3.56,-0.97,3.23
-3.56,-0.97,3.23
-3.56,-0.97,3.23
-3.56,-0.97,3.23
-3.56,-0.97,3.23
-3.56,-0.97,3.23
-3.56,-0.97,3.23
-3.56,-0.97,3.23
-3.56,-0.97,3.23
-3.56,-0.97,3.23
-3.56,-0.97,3.23
-3.56,-0.97,3.23
-3.56,-0.97,3.23
-3.56,-0.97,3.23
-3.56,-0.97,3.23
-3.56,-0.97,3.23
-3.56,-0.97,3.23
-3.56,-0.97,3.23
-3.56,-0.97,3.23
-3.56,-0.97,3.23
-3.56,-0.97,3.23
-3.56,-0.97,3.23
-3.56,-0.97,3.23
-3.56,-0.97,3.23
-3.56,-0.97,3.23
-3.56,-0.97,3.23
-3.56,-0.97,3.23
-3.56,-0.97,3.23
-3.56,-0.97,3.23
-3.56,-0.97,3.23
-3.56,-0.97,3.23
-3.56,-0.97,3.23
-3.56,-0.97,3.23
-3.56,-0.97,3.23
-3.56,-0.97,3.23
-3.56,-0.97,3.23
-3.56,-0.97,3.23
-3.56,-0.97,3.23
-3.56,-0.97,3.23
-3.56,-0.97,3.23
-3.56,-0.97,3.23
-3.56,-0.97,3.23
-3.56,-0.97,3.23
-3.56,-0.97,3.23
-3.56,-0.97,3.23
-3.56,-0.97,3.23
-3.56,-0.97,3.23
-3.56,-0.97,3.23
-3.56,-0.97,3.23
-3.56,-0.97,3.23
-3.56,-0.97,3.23
-3.56,-0.97,3.23
-3.56,-0.97,3.23
-3.56,-0.97,3.23
-3.56,-0.97,3.23
-3.56,-0.97,3.23
-3.56,-0.97,3.23
-3.56,-0.97,3.23
-3.56,-0.97,3.23
-3.56,-0.97,3.23
-3.56,-0.97,3.23
-3.56,-0.97,3.23
-3.56,-0.97,3.23
-3.56,-0.97,3.23
-3.56,-0.97,3.23
-3.56,-0.97,3.23
-3.56,-0.97,3.23
-3.56,-0.97,3.23
-3.56,-0.97,3.23
-3.56,-0.97,3.23
-3.56,-0.97,3.23
-3.56,-0.97,3.23
-3.56,-0.97,3.23
-3.56,-0.97,3.23
-3.56,-0.97,3.23
-3.56,-0.97,3.23
-3.56,-0.97,3.23
-3.56,-0.97,3.23
-3.56,-0.97,3.23
-3.56,-0.97,3.23
-3.56,-0.97,3.23
-3.56,-0.97,3.23
-3.56,-0.97,3.23
-3.56,-0.97,3.23
-3.56,-0.97,3.23
-3.56,-0.97,3.23
-3.56,-0.97,3.23
-3.56,-0.97,3.23
-3.56,-0.97,3.23
-3.56,-0.97,3.23
-3.56,-0.97,3.23
-3.56,-0.97,3.23
-3.56,-0.97,3.23
-3.56,-0.97,3.23
-3.56,-0.97,3.23
-3.56,-0.97,3.23
-3.56,-0.97,3.23
-3.56,-0.97,3.23
-3.56,-0.97,3.23
-3.56,-0.97,3.23
-3.56,-0.97,3.23
-3.56,-0.97,3.23
-3.56,-0.97,3.23
-3.56,-0.97,3.23
-3.56,-0.97,3.23
-3.56,-0.97,3.23
-3.56,-0.97,3.23
-3.56,-0.97,3.23
-3.56,-0.97,3.23
-3.56,-0.97,3.23
-3.56,-0.97,3.23
-3.56,-0.97,3.23
-3.56,-0.97,3.23
-3.56,-0.97,3.23
-3.56,-0.97,3.23
-3.56,-0.97,3.23
-3.56,-0.97,3.23
-3.56,-0.97,3.23
-3.56,-0.97,3.23
-3.56,-0.97,3.23
-3.56,-0.97,3.23
-3.56,-0.97,3.23
-3.56,-0.97,3.23
-3.56,-0.97,3.23
-3.56,-0.97,3.23
-3.56,-0.97,3.23
-3.56,-0.97,3.23
-3.56,-0.97,3.23
-3.56,-0.97,3.23
-3.56,-0.97,3.23
-3.56,-0.97,3.23
-3.56,-0.97,3.23
-3.56,-0.97,3.23
-3.56,-0.97,3.23
-3.56,-0.97,3.23
-3.56,-0.97,3.23
-3.56,-0.97,3.23
-3.56,-0.97,3.23
-3.56,-0.97,3.23
-3.56,-0.97,3.23
-3.56,-0.97,3.23
-3.56,-0.97,3.23
-3.56,-0.97,3.23
-3.56,-0.97,3.23
-3.56,-0.97,3.23
-3.56,-0.97,3.23
-3.56,-0.97,3.23
-3.56,-0.97,3.23
-3.56,-0.97,3.23
-3.56,-0.97,3.23
-3.56,-0.97,3.23
-3.56,-0.97,3.23
-3.56,-0.97,3.23
-3.56,-0.97,3.23
-3.56,-0.97,3.23
-3.56,-0.97,3.23
-3.56,-0.97,3.23
-3.56,-0.97,3.23
-3.56,-0.97,3.23
-3.56,-0.97,3.23
-3.56,-0.97,3.23
-3.56,-0.97,3.23
-3.56,-0.97,3.23
-3.56,-0.97,3.23
-3.56,-0.97,3.23
-3.56,-0.97,3.23
-3.56,-0.97,3.23
-3.56,-0.97,3.23
-3.56,-0.97,3.23
-3.56,-0.97,3.23
-3.56,-0.97,3.23
-3.56,-0.97,3.23
-3.56,-0.97,3.23
-3.56,-0.97,3.23
-3.56,-0.97,3.23
-3.56,-0.97,3.23
-3.56,-0.97,3.23
-3.56,-0.97,3.23
-3.56,-0.97,3.23
-3.56,-0.97,3.23
-3.56,-0.97,3.23
-3.56,-0.97,3.23
-3.56,-0.97,3.23
-3.56,-0.97,3.23
-3.56,-0.97,3.23
-3.56,-0.97,3.23
-3.56,-0.97,3.23
-3.56,-0.97,3.23
-3.56,-0.97,3.23
-3.56,-0.97,3.23
-3.56,-0.97,3.23
-3.56,-0.97,3.23
-3.56,-0.97,3.23
-3.56,-0.97,3.23
-3.56,-0.97,3.23
-3.56,-0.97,3.23
-3.56,-0.97,3.23
-3.56,-0.97,3.23
-3.56,-0.97,3.23
-3.56,-0.97,3.23
-3.56,-0.97,3.23
-3.56,-0.97,3.23
-3.56,-0.97,3.23
-3.56,-0.97,3.23
-3.56,-0.97,3.23
-3.56,-0.97,3.23
-3.56,-0.97,3.23
-3.56,-0.97,3.23
-3.56,-0.97,3.23
-3.56,-0.97,3.23
-3.56,-0.97,3.23
-3.56,-0.97,3.23
-3.56,-0.97,3.23
-3.56,-0.97,3.23
-3.56,-0.97,3.23
-3.56,-0.97,3.23
-3.56,-0.97,3.23
-3.56,-0.97,3.23
-3.56,-0.97,3.23
-3.56,-0.97,3.23
-3.56,-0.97,3.23
-3.56,-0.97,3.23
-3.56,-0.97,3.23
-3.56,-0.97,3.23
-3.56,-0.97,3.23
-3.56,-0.97,3.23
-3.56,-0.97,3.23
-3.56,-0.97,3.23
-3.56,-0.97,3.23
-3.56,-0.97,3.23
-3.56,-0.97,3.23
-3.56,-0.97,3.23
-3.56,-0.97,3.23
-3.56,-0.97,3.23
-3.56,-0.97,3.23
-3.56,-0.97,3.23
-3.56,-0.97,3.23
-3.56,-0.97,3.23
-3.56,-0.97,3.23
-3.56,-0.97,3.23
-3.56,-0.97,3.23
-3.56,-0.97,3.23
-3.56,-0.97,3.23
-3.56,-0.97,3.23
-3.56,-0.97,3.23
-3.56,-0.97,3.23
-3.56,-0.97,3.23
-3.56,-0.97,3.23
-3.56,-0.97,3.23
-3.56,-0.97,3.23
-3.56,-0.97,3.23
-3.56,-0.97,3.23
-3.56,-0.97,3.23
-3.56,-0.97,3.23
-3.56,-0.97,3.23
-3.56,-0.97,3.23
-3.56,-0.97,3.23
-3.56,-0.97,3.23
-3.56,-0.97,3.23
-3.56,-0.97,3.23
-3.56,-0.97,3.23
-3.56,-0.97,3.23
-3.56,-0.97,3.23
-3.56,-0.97,3.23
-3.56,-0.97,3.23
-3.56,-0.97,3.23
-3.56,-0.97,3.23
-3.56,-0.97,3.23
-3.56,-0.97,3.23
-3.56,-0.97,3.23
-3.56,-0.97,3.23
-3.56,-0.97,3.23
-3.56,-0.97,3.23
-3.56,-0.97,3.23
-3.56,-0.97,3.23
-3.56,-0.97,3.23
-3.56,-0.97,3.23
-3.56,-0.97,3.23
-3.56,-0.97,3.23
-3.56,-0.97,3.23
-3.56,-0.97,3.23
-3.56,-0.97,3.23
-3.56,-0.97,3.23
-3.56,-0.97,3.23
-3.56,-0.97,3.23
-3.56,-0.97,3.23
-3.56,-0.97,3.23
-3.56,-0.97,3.23
-3.56,-0.97,3.23
-3.56,-0.97,3.23
-3.56,-0.97,3.23
-3.56,-0.97,3.23
-3.56,-0.97,3.23
-3.56,-0.97,3.23
-3.56,-0.97,3.23
-3.56,-0.97,3.23
-3.56,-0.97,3.23
-3.56,-0.97,3.23
-3.56,-0.97,3.23
-3.56,-0.97,3.23
-3.56,-0.97,3.23
-3.56,-0.97,3.23
-3.56,-0.97,3.23
-3.56,-0.97,3.23
-3.56,-0.97,3.23
-3.56,-0.97,3.23
-3.56,-0.97,3.23
-3.56,-0.97,3.23
-3.56,-0.97,3.23
-3.56,-0.97,3.23
-3.56,-0.97,3.23
-3.56,-0.97,3.23
-3.56,-0.97,3.23
-3.56,-0.97,3.23
-3.56,-0.97,3.23
-3.56,-0.97,3.23
-3.56,-0.97,3.23
-3.56,-0.97,3.23
-3.56,-0.97,3.23
-3.56,-0.97,3.23
-3.56,-0.97,3.23
-3.56,-0.97,3.23
-3.56,-0.97,3.23
-3.56,-0.97,3.23
-3.56,-0.97,3.23
-3.56,-0.97,3.23
-3.56,-0.97,3.23
-3.56,-0.97,3.23
-3.56,-0.97,3.23
-3.56,-0.97,3.23
-3.56,-0.97,3.23
-3.56,-0.97,3.23
-3.56,-0.97,3.23
-3.56,-0.97,3.23
-3.56,-0.97,3.23
-3.56,-0.97,3.23
-3.56,-0.97,3.23
-3.56,-0.97,3.23
-3.56,-0.97,3.23
-3.56,-0.97,3.23
-3.56,-0.97,3.23
-3.56,-0.97,3.23
-3.56,-0.97,3.23
-3.56,-0.97,3.23
-3.56,-0.97,3.23
-3.56,-0.97,3.23
-3.56,-0.97,3.23
-3.56,-0.97,3.23
-3.56,-0.97,3.23
-3.56,-0.97,3.23
-3.56,-0.97,3.23
-3.56,-0.97,3.23
-3.56,-0.97,3.23
-3.56,-0.97,3.23
-3.56,-0.97,3.23
-3.56,-0.97,3.23
-3.56,-0.97,3.23
-3.56,-0.97,3.23
-3.56,-0.97,3.23
-3.56,-0.97,3.23
-3.56,-0.97,3.23
-3.56,-0.97,3.23
-3.56,-0.97,3.23
-3.56,-0.97,3.23
-3.56,-0.97,3.23
-3.56,-0.97,3.23
-3.56,-0.97,3.23
-3.56,-0.97,3.23
-3.56,-0.97,3.23
-3.56,-0.97,3.23
-3.56,-0.97,3.23
-3.56,-0.97,3.23
-3.56,-0.97,3.23
-3.56,-0.97,3.23
-3.56,-0.97,3.23
-3.56,-0.97,3.23
-3.56,-0.97,3.23
-3.56,-0.97,3.23
-3.56,-0.97,3.23
-3.56,-0.97,3.23
-3.56,-0.97,3.23
-3.56,-0.97,3.23
-3.56,-0.97,3.23
-3.56,-0.97,3.23
-3.56,-0.97,3.23
-3.56,-0.97,3.23
-3.56,-0.97,3.23
-3.56,-0.97,3.23
-3.56,-0.97,3.23
-3.56,-0.97,3.23
-3.56,-0.97,3.23
-3.56,-0.97,3.23
-3.56,-0.97,3.23
-3.56,-0.97,3.23
-3.56,-0.97,3.23
-3.56,-0.97,3.23
-3.56,-0.97,3.23
-3.56,-0.97,3.23
-3.56,-0.97,3.23
-3.56,-0.97,3.23
-3.56,-0.97,3.23
-3.56,-0.97,3.23
-3.56,-0.97,3.23
-3.56,-0.97,3.23
-3.56,-0.97,3.23
-3.56,-0.97,3.23
-3.56,-0.97,3.23
-3.56,-0.97,3.23
-3.56,-0.97,3.23
-3.56,-0.97,3.23
-3.56,-0.97,3.23
-3.56,-0.97,3.23
-3.56,-0.97,3.23
-3.56,-0.97,3.23
-3.56,-0.97,3.23
-3.56,-0.97,3.23
-3.56,-0.97,3.23
-3.56,-0.97,3.23
-3.56,-0.97,3.23
-3.56,-0.97,3.23
-3.56,-0.97,3.23
-3.56,-0.97,3.23
-3.56,-0.97,3.23
-3.56,-0.97,3.23
-3.56,-0.97,3.23
-3.56,-0.97,3.23
-3.56,-0.97,3.23
-3.56,-0.97,3.23
-3.56,-0.97,3.23
-3.56,-0.97,3.23
-3.56,-0.97,3.23
-3.56,-0.97,3.23
-3.56,-0.97,3.23
-3.56,-0.97,3.23
-3.56,-0.97,3.23
-3.56,-0.97,3.23
-3.56,-0.97,3.23
-3.56,-0.97,3.23
-3.56,-0.97,3.23
-3.56,-0.97,3.23
-3.56,-0.97,3.23
-3.56,-0.97,3.23
-3.56,-0.97,3.23
-3.56,-0.97,3.23
-3.56,-0.97,3.23
-3.56,-0.97,3.23
-3.56,-0.97,3.23
-3.56,-0.97,3.23
-3.56,-0.97,3.23
-3.56,-0.97,3.23
-3.56,-0.97,3.23
-3.56,-0.97,3.23
-3.56,-0.97,3.23
-3.56,-0.97,3.23
-3.56,-0.97,3.23
-3.56,-0.97,3.23
-3.56,-0.97,3.23
-3.56,-0.97,3.23
-3.56,-0.97,3.23
-3.56,-0.97,3.23
-3.56,-0.97,3.23
-3.56,-0.97,3.23
-3.56,-0.97,3.23
-3.56,-0.97,3.23
-3.56,-0.97,3.23
-3.56,-0.97,3.23
-3.56,-0.97,3.23
-3.56,-0.97,3.23
-3.56,-0.97,3.23
-3.56,-0.97,3.23
-3.56,-0.97,3.23
-3.56,-0.97,3.23
-3.56,-0.97,3.23
-3.56,-0.97,3.23
-3.56,-0.97,3.23
-3.56,-0.97,3.23
-3.56,-0.97,3.23
-3.56,-0.97,3.23
-3.56,-0.97,3.23
-3.56,-0.97,3.23
-3.56,-0.97,3.23
-3.56,-0.97,3.23
-3.56,-0.97,3.23
-3.56,-0.97,3.23
-3.56,-0.97,3.23
-3.56,-0.97,3.23
-3.56,-0.97,3.23
-3.56,-0.97,3.23
-3.56,-0.97,3.23
-3.56,-0.97,3.23
-3.56,-0.97,3.23
-3.56,-0.97,3.23
-3.56,-0.97,3.23
-3.56,-0.97,3.23
-3.56,-0.97,3.23
-3.56,-0.97,3.23
-3.56,-0.97,3.23
-3.56,-0.97,3.23
-3.56,-0.97,3.23
-3.56,-0.97,3.23
-3.56,-0.97,3.23
-3.56,-0.97,3.23
-3.56,-0.97,3.23
-3.56,-0.97,3.23
-3.56,-0.97,3.23
-3.56,-0.97,3.23
-3.56,-0.97,3.23
-3.56,-0.97,3.23
-3.56,-0.97,3.23
-3.56,-0.97,3.23
-3.56,-0.97,3.23
-3.56,-0.97,3.23
-3.56,-0.97,3.23
-3.56,-0.97,3.23
-3.56,-0.97,3.23
-3.56,-0.97,3.23
-3.56,-0.97,3.23
-3.56,-0.97,3.23
-3.56,-0.97,3.23
-3.56,-0.97,3.23
-3.56,-0.97,3.23
-3.56,-0.97,3.23
-3.56,-0.97,3.23
-3.56,-0.97,3.23
-3.56,-0.97,3.23
-3.56,-0.97,3.23
-3.56,-0.97,3.23
-3.56,-0.97,3.23
-3.56,-0.97,3.23
-3.56,-0.97,3.23
-3.56,-0.97,3.23
-3.56,-0.97,3.23
-3.56,-0.97,3.23
-3.56,-0.97,3.23
-3.56,-0.97,3.23
-3.56,-0.97,3.23
-3.56,-0.97,3.23
-3.56,-0.97,3.23
-3.56,-0.97,3.23
-3.56,-0.97,3.23
-3.56,-0.97,3.23
-3.56,-0.97,3.23
-3.56,-0.97,3.23
-3.56,-0.97,3.23
-3.56,-0.97,3.23
-3.56,-0.97,3.23
-3.56,-0.97,3.23
-3.56,-0.97,3.23
-3.56,-0.97,3.23
-3.56,-0.97,3.23
-3.56,-0.97,3.23
-3.56,-0.97,3.23
-3.56,-0.97,3.23
-3.56,-0.97,3.23
-3.56,-0.97,3.23
-3.56,-0.97,3.23
-3.56,-0.97,3.23
-3.56,-0.97,3.23
-3.56,-0.97,3.23
-3.56,-0.97,3.23
-3.56,-0.97,3.23
-3.56,-0.97,3.23
-3.56,-0.97,3.23
-3.56,-0.97,3.23
-3.56,-0.97,3.23
-3.56,-0.97,3.23
-3.56,-0.97,3.23
-3.56,-0.97,3.23
-3.56,-0.97,3.23
-3.56,-0.97,3.23
-3.56,-0.97,3.23
-3.56,-0.97,3.23
-3.56,-0.97,3.23
-3.56,-0.97,3.23
-3.56,-0.97,3.23
-3.56,-0.97,3.23
-3.56,-0.97,3.23
-3.56,-0.97,3.23
-3.56,-0.97,3.23
-3.56,-0.97,3.23
-3.56,-0.97,3.23
-3.56,-0.97,3.23
-3.56,-0.97,3.23
-3.56,-0.97,3.23
-3.56,-0.97,3.23
-3.56,-0.97,3.23
-3.56,-0.97,3.23
-3.56,-0.97,3.23
-3.56,-0.97,3.23
-3.56,-0.97,3.23
-3.56,-0.97,3.23
-3.56,-0.97,3.23
-3.56,-0.97,3.23
-3.56,-0.97,3.23
-3.56,-0.97,3.23
-3.56,-0.97,3.23
-3.56,-0.97,3.23
-3.56,-0.97,3.23
-3.56,-0.97,3.23
-3.56,-0.97,3.23
-3.56,-0.97,3.23
-3.56,-0.97,3.23
-3.56,-0.97,3.23
-3.56,-0.97,3.23
-3.56,-0.97,3.23
-3.56,-0.97,3.23
-3.56,-0.97,3.23
-3.56,-0.97,3.23
-3.56,-0.97,3.23
-3.56,-0.97,3.23
-3.56,-0.97,3.23
-3.56,-0.97,3.23
-3.56,-0.97,3.23
-3.56,-0.97,3.23
-3.56,-0.97,3.23
-3.56,-0.97,3.23
-3.56,-0.97,3.23
-3.56,-0.97,3.23
-3.56,-0.97,3.23
-3.56,-0.97,3.23
-3.56,-0.97,3.23
-3.56,-0.97,3.23
-3.56,-0.97,3.23
-3.56,-0.97,3.23
-3.56,-0.97,3.23
-3.56,-0.97,3.23
-3.56,-0.97,3.23
-3.56,-0.97,3.23
-3.56,-0.97,3.23
-3.56,-0.97,3.23
-3.56,-0.97,3.23
-3.56,-0.97,3.23
-3.56,-0.97,3.23
-3.56,-0.97,3.23
-3.56,-0.97,3.23
-3.56,-0.97,3.23
-3.56,-0.97,3.23
-3.56,-0.97,3.23
-3.56,-0.97,3.23
-3.56,-0.97,3.23
-3.56,-0.97,3.23
-3.56,-0.97,3.23
-3.56,-0.97,3.23
-3.56,-0.97,3.23
-3.56,-0.97,3.23
-3.56,-0.97,3.23
-3.56,-0.97,3.23
-3.56,-0.97,3.23
-3.56,-0.97,3.23
-3.56,-0.97,3.23
-3.56,-0.97,3.23
-3.56,-0.97,3.23
-3.56,-0.97,3.23
-3.56,-0.97,3.23
-3.56,-0.97,3.23
-3.56,-0.97,3.23
-3.56,-0.97,3.23
-3.56,-0.97,3.23
-3.56,-0.97,3.23
-3.56,-0.97,3.23
-3.56,-0.97,3.23
-3.56,-0.97,3.23
-3.56,-0.97,3.23
-3.56,-0.97,3.23
-3.56,-0.97,3.23
-3.56,-0.97,3.23
-3.56,-0.97,3.23
-3.56,-0.97,3.23
-3.56,-0.97,3.23
-3.56,-0.97,3.23
-3.56,-0.97,3.23
-3.56,-0.97,3.23
-3.56,-0.97,3.23
-3.56,-0.97,3.23
-3.56,-0.97,3.23
-3.56,-0.97,3.23
-3.56,-0.97,3.23
-3.56,-0.97,3.23
-3.56,-0.97,3.23
-3.56,-0.97,3.23
-3.56,-0.97,3.23
-3.56,-0.97,3.23
-3.56,-0.97,3.23
-3.56,-0.97,3.23
-3.56,-0.97,3.23
-3.56,-0.97,3.23
-3.56,-0.97,3.23
-3.56,-0.97,3.23
-3.56,-0.97,3.23
-3.56,-0.97,3.23
-3.56,-0.97,3.23
-3.56,-0.97,3.23
-3.56,-0.97,3.23
-3.56,-0.97,3.23
-3.56,-0.97,3.23
-3.56,-0.97,3.23
-3.56,-0.97,3.23
-3.56,-0.97,3.23
-3.56,-0.97,3.23
-3.56,-0.97,3.23
-3.56,-0.97,3.23
-3.56,-0.97,3.23
-3.56,-0.97,3.23
-3.56,-0.97,3.23
-3.56,-0.97,3.23
-3.56,-0.97,3.23
-3.56,-0.97,3.23
-3.56,-0.97,3.23
-3.56,-0.97,3.23
-3.56,-0.97,3.23
-3.56,-0.97,3.23
-3.56,-0.97,3.23
-3.56,-0.97,3.23
-3.56,-0.97,3.23
-3.56,-0.97,3.23
-3.56,-0.97,3.23
-3.56,-0.97,3.23
-3.56,-0.97,3.23
-3.56,-0.97,3.23
-3.56,-0.97,3.23
-3.56,-0.97,3.23
-3.56,-0.97,3.23
-3.56,-0.97,3.23
-3.56,-0.97,3.23
-3.56,-0.97,3.23
-3.56,-0.97,3.23
-3.56,-0.97,3.23
-3.56,-0.97,3.23
-3.56,-0.97,3.23
-3.56,-0.97,3.23
-3.56,-0.97,3.23
-3.56,-0.97,3.23
-3.56,-0.97,3.23
-3.56,-0.97,3.23
-3.56,-0.97,3.23
-3.56,-0.97,3.23
-3.56,-0.97,3.23
-3.56,-0.97,3.23
-3.56,-0.97,3.23
-3.56,-0.97,3.23
-3.56,-0.97,3.23
-3.56,-0.97,3.23
-3.56,-0.97,3.23
-3.56,-0.97,3.23
-3.56,-0.97,3.23
-3.56,-0.97,3.23
-3.56,-0.97,3.23
-3.56,-0.97,3.23
-3.56,-0.97,3.23
-3.56,-0.97,3.23
-3.56,-0.97,3.23
-3.56,-0.97,3.23
-3.56,-0.97,3.23
-3.56,-0.97,3.23
-3.56,-0.97,3.23
-3.56,-0.97,3.23
-3.56,-0.97,3.23
-3.56,-0.97,3.23
-3.56,-0.97,3.23
-3.56,-0.97,3.23
-3.56,-0.97,3.23
-3.56,-0.97,3.23
-3.56,-0.97,3.23
-3.56,-0.97,3.23
-3.56,-0.97,3.23
-3.56,-0.97,3.23
-3.56,-0.97,3.23
-3.56,-0.97,3.23
-3.56,-0.97,3.23
-3.56,-0.97,3.23
-3.56,-0.97,3.23
-3.56,-0.97,3.23
-3.56,-0.97,3.23
-3.56,-0.97,3.23
-3.56,-0.97,3.23
-3.56,-0.97,3.23
-3.56,-0.97,3.23
-3.56,-0.97,3.23
-3.56,-0.97,3.23
-3.56,-0.97,3.23
-3.56,-0.97,3.23
-3.56,-0.97,3.23
-3.56,-0.97,3.23
-3.56,-0.97,3.23
-3.56,-0.97,3.23
-3.56,-0.97,3.23
-3.56,-0.97,3.23
-3.56,-0.97,3.23
-3.56,-0.97,3.23
-3.56,-0.97,3.23
-3.56,-0.97,3.23
-3.56,-0.97,3.23
-3.56,-0.97,3.23
-3.56,-0.97,3.23
-3.56,-0.97,3.23
-3.56,-0.97,3.23
-3.56,-0.97,3.23
-3.56,-0.97,3.23
-3.56,-0.97,3.23
-3.56,-0.97,3.23
-3.56,-0.97,3.23
-3.56,-0.97,3.23
-3.56,-0.97,3.23
-3.56,-0.97,3.23
-3.56,-0.97,3.23
-3.56,-0.97,3.23
-3.56,-0.97,3.23
-3.56,-0.97,3.23
-3.56,-0.97,3.23
-3.56,-0.97,3.23
-3.56,-0.97,3.23
-3.56,-0.97,3.23
-3.56,-0.97,3.23
-3.56,-0.97,3.23
-3.56,-0.97,3.23
-3.56,-0.97,3.23
-3.56,-0.97,3.23
-3.56,-0.97,3.23
-3.56,-0.97,3.23
-3.56,-0.97,3.23
-3.56,-0.97,3.23
-3.56,-0.97,3.23
-3.56,-0.97,3.23
-3.56,-0.97,3.23
-3.56,-0.97,3.23
-3.56,-0.97,3.23
-3.56,-0.97,3.23
-3.56,-0.97,3.23
-3.56,-0.97,3.23
-3.56,-0.97,3.23
-3.56,-0.97,3.23
-3.56,-0.97,3.23
-3.56,-0.97,3.23
-3.56,-0.97,3.23
-3.56,-0.97,3.23
-3.56,-0.97,3.23
-3.56,-0.97,3.23
-3.56,-0.97,3.23
-3.56,-0.97,3.23
-3.56,-0.97,3.23
-3.56,-0.97,3.23
-3.56,-0.97,3.23
-3.56,-0.97,3.23
-3.56,-0.97,3.23
-3.56,-0.97,3.23
-3.56,-0.97,3.23
-3.56,-0.97,3.23
-3.56,-0.97,3.23
-3.56,-0.97,3.23
-3.56,-0.97,3.23
-3.56,-0.97,3.23
-3.56,-0.97,3.23
-3.56,-0.97,3.23
-3.56,-0.97,3.23
-3.56,-0.97,3.23
-3.56,-0.97,3.23
-3.56,-0.97,3.23
-3.56,-0.97,3.23
-3.56,-0.97,3.23
-3.56,-0.97,3.23
-3.56,-0.97,3.23
-3.56,-0.97,3.23
-3.56,-0.97,3.23
-3.56,-0.97,3.23
-3.56,-0.97,3.23
-3.56,-0.97,3.23
-3.56,-0.97,3.23
-3.56,-0.97,3.23
-3.56,-0.97,3.23
-3.56,-0.97,3.23
-3.56,-0.97,3.23
-3.56,-0.97,3.23
-3.56,-0.97,3.23
-3.56,-0.97,3.23
-3.56,-0.97,3.23
-3.56,-0.97,3.23
-3.56,-0.97,3.23
-3.56,-0.97,3.23
-3.56,-0.97,3.23
-3.56,-0.97,3.23
-3.56,-0.97,3.23
-3.56,-0.97,3.23
-3.56,-0.97,3.23
-3.56,-0.97,3.23
-3.56,-0.97,3.23
-3.56,-0.97,3.23
-3.56,-0.97,3.23
-3.56,-0.97,3.23
-3.56,-0.97,3.23
-3.56,-0.97,3.23
-3.56,-0.97,3.23
-3.56,-0.97,3.23
-3.56,-0.97,3.23
-3.56,-0.97,3.23
-3.56,-0.97,3.23
-3.56,-0.97,3.23
-3.56,-0.97,3.23
-3.56,-0.97,3.23
-3.56,-0.97,3.23
-3.56,-0.97,3.23
-3.56,-0.97,3.23
-3.56,-0.97,3.23
-3.56,-0.97,3.23
-3.56,-0.97,3.23
-3.56,-0.97,3.23
-3.56,-0.97,3.23
-3.56,-0.97,3.23
-3.56,-0.97,3.23
-3.56,-0.97,3.23
-3.56,-0.97,3.23
-3.56,-0.97,3.23
-3.56,-0.97,3.23
-3.56,-0.97,3.23
-3.56,-0.97,3.23
-3.56,-0.97,3.23
-3.56,-0.97,3.23
-3.56,-0.97,3.23
-3.56,-0.97,3.23
-3.56,-0.97,3.23
-3.56,-0.97,3.23
-3.56,-0.97,3.23
-3.56,-0.97,3.23
-3.56,-0.97,3.23
-3.56,-0.97,3.23
-3.56,-0.97,3.23
-3.56,-0.97,3.23
-3.56,-0.97,3.23
-3.56,-0.97,3.23
-3.56,-0.97,3.23
-3.56,-0.97,3.23
-3.56,-0.97,3.23
-3.56,-0.97,3.23
-3.56,-0.97,3.23
-3.56,-0.97,3.23
-3.56,-0.97,3.23
-3.56,-0.97,3.23
-3.56,-0.97,3.23
-3.56,-0.97,3.23
-3.56,-0.97,3.23
-3.56,-0.97,3.23
-3.56,-0.97,3.23
-3.56,-0.97,3.23
-3.56,-0.97,3.23
-3.56,-0.97,3.23
-3.56,-0.97,3.23
-3.56,-0.97,3.23
-3.56,-0.97,3.23
-3.56,-0.97,3.23
-3.56,-0.97,3.23
-3.56,-0.97,3.23
-3.56,-0.97,3.23
-3.56,-0.97,3.23
-3.56,-0.97,3.23
-3.56,-0.97,3.23
-3.56,-0.97,3.23
-3.56,-0.97,3.23
-3.56,-0.97,3.23
-3.56,-0.97,3.23
-3.56,-0.97,3.23
-3.56,-0.97,3.23
-3.56,-0.97,3.23
-3.56,-0.97,3.23
-3.56,-0.97,3.23
-3.56,-0.97,3.23
-3.56,-0.97,3.23
-3.56,-0.97,3.23
-3.56,-0.97,3.23
-3.56,-0.97,3.23
-3.56,-0.97,3.23
-3.56,-0.97,3.23
-3.56,-0.97,3.23
-3.56,-0.97,3.23
-3.56,-0.97,3.23
-3.56,-0.97,3.23
-3.56,-0.97,3.23
-3.56,-0.97,3.23
-3.56,-0.97,3.23
-3.56,-0.97,3.23
-3.56,-0.97,3.23
-3.56,-0.97,3.23
-3.56,-0.97,3.23
-3.56,-0.97,3.23
-3.56,-0.97,3.23
-3.56,-0.97,3.23
-3.56,-0.97,3.23
-3.56,-0.97,3.23
-3.56,-0.97,3.23
-3.56,-0.97,3.23
-3.56,-0.97,3.23
-3.56,-0.97,3.23
-3.56,-0.97,3.23
-3.56,-0.97,3.23
-3.56,-0.97,3.23
-3.56,-0.97,3.23
-3.56,-0.97,3.23
-3.56,-0.97,3.23
-3.56,-0.97,3.23
-3.56,-0.97,3.23
-3.56,-0.97,3.23
-3.56,-0.97,3.23
-3.56,-0.97,3.23
-3.56,-0.97,3.23
-3.56,-0.97,3.23
-3.56,-0.97,3.23
-3.56,-0.97,3.23
-3.56,-0.97,3.23
-3.56,-0.97,3.23
-3.56,-0.97,3.23
-3.56,-0.97,3.23
-3.56,-0.97,3.23
-3.56,-0.97,3.23
-3.56,-0.97,3.23
-3.56,-0.97,3.23
-3.56,-0.97,3.23
-3.56,-0.97,3.23
-3.56,-0.97,3.23
-3.56,-0.97,3.23
-3.56,-0.97,3.23
-3.56,-0.97,3.23
-3.56,-0.97,3.23
-3.56,-0.97,3.23
-3.56,-0.97,3.23
-3.56,-0.97,3.23
-3.56,-0.97,3.23
-3.56,-0.97,3.23
-3.56,-0.97,3.23
-3.56,-0.97,3.23
-3.56,-0.97,3.23
-3.56,-0.97,3.23
-3.56,-0.97,3.23
-3.56,-0.97,3.23
-3.56,-0.97,3.23
-3.56,-0.97,3.23
-3.56,-0.97,3.23
-3.56,-0.97,3.23
-3.56,-0.97,3.23
-3.56,-0.97,3.23
-3.56,-0.97,3.23
-3.56,-0.97,3.23
-3.56,-0.97,3.23
-3.56,-0.97,3.23
-3.56,-0.97,3.23
-3.56,-0.97,3.23
-3.56,-0.97,3.23
-3.56,-0.97,3.23
-3.56,-0.97,3.23
-3.56,-0.97,3.23
-3.56,-0.97,3.23
-3.56,-0.97,3.23
-3.56,-0.97,3.23
-3.56,-0.97,3.23
-3.56,-0.97,3.23
-3.56,-0.97,3.23
-3.56,-0.97,3.23
-3.56,-0.97,3.23
-3.56,-0.97,3.23
-3.56,-0.97,3.23
-3.56,-0.97,3.23
-3.56,-0.97,3.23
-3.56,-0.97,3.23
-3.56,-0.97,3.23
-3.56,-0.97,3.23
-3.56,-0.97,3.23
-3.56,-0.97,3.23
-3.56,-0.97,3.23
-3.56,-0.97,3.23
-3.56,-0.97,3.23
-3.56,-0.97,3.23
-3.56,-0.97,3.23
-3.56,-0.97,3.23
-3.56,-0.97,3.23
-3.56,-0.97,3.23
-3.56,-0.97,3.23
-3.56,-0.97,3.23
-3.56,-0.97,3.23
-3.56,-0.97,3.23
-3.56,-0.97,3.23
-3.56,-0.97,3.23
-3.56,-0.97,3.23
-3.56,-0.97,3.23
-3.56,-0.97,3.23
-3.56,-0.97,3.23
-3.56,-0.97,3.23
-3.56,-0.97,3.23
-3.56,-0.97,3.23
-3.56,-0.97,3.23
-3.56,-0.97,3.23
-3.56,-0.97,3.23
-3.56,-0.97,3.23
-3.56,-0.97,3.23
-3.56,-0.97,3.23
-3.56,-0.97,3.23
-3.56,-0.97,3.23
-3.56,-0.97,3.23
-3.56,-0.97,3.23
-3.56,-0.97,3.23
-3.56,-0.97,3.23
-3.56,-0.97,3.23
-3.56,-0.97,3.23
-3.56,-0.97,3.23
-3.56,-0.97,3.23
-3.56,-0.97,3.23
-3.56,-0.97,3.23
-3.56,-0.97,3.23
-3.56,-0.97,3.23
-3.56,-0.97,3.23
-3.56,-0.97,3.23
-3.56,-0.97,3.23
-3.56,-0.97,3.23
-3.56,-0.97,3.23
-3.56,-0.97,3.23
-3.56,-0.97,3.23
-3.56,-0.97,3.23
-3.56,-0.97,3.23
-3.56,-0.97,3.23
-3.56,-0.97,3.23
-3.56,-0.97,3.23
-3.56,-0.97,3.23
-3.56,-0.97,3.23
-3.56,-0.97,3.23
-3.56,-0.97,3.23
-3.56,-0.97,3.23
-3.56,-0.97,3.23
-3.56,-0.97,3.23
-3.56,-0.97,3.23
-3.56,-0.97,3.23
-3.56,-0.97,3.23
-3.56,-0.97,3.23
-3.56,-0.97,3.23
-3.56,-0.97,3.23
-3.56,-0.97,3.23
-3.56,-0.97,3.23
-3.56,-0.97,3.23
-3.56,-0.97,3.23
-3.56,-0.97,3.23
-3.56,-0.97,3.23
-3.56,-0.97,3.23
-3.56,-0.97,3.23
-3.56,-0.97,3.23
-3.56,-0.97,3.23
-3.56,-0.97,3.23
-3.56,-0.97,3.23
-3.56,-0.97,3.23
-3.56,-0.97,3.23
-3.56,-0.97,3.23
-3.56,-0.97,3.23
-3.56,-0.97,3.23
-3.56,-0.97,3.23
-3.56,-0.97,3.23
-3.56,-0.97,3.23
-3.56,-0.97,3.23
-3.56,-0.97,3.23
-3.56,-0.97,3.23
-3.56,-0.97,3.23
-3.56,-0.97,3.23
-3.56,-0.97,3.23
-3.56,-0.97,3.23
-3.56,-0.97,3.23
-3.56,-0.97,3.23
-3.56,-0.97,3.23
-3.56,-0.97,3.23
-3.56,-0.97,3.23
-3.56,-0.97,3.23
-3.56,-0.97,3.23
-3.56,-0.97,3.23
-3.56,-0.97,3.23
-3.56,-0.97,3.23
-3.56,-0.97,3.23
-3.56,-0.97,3.23
-3.56,-0.97,3.23
-3.56,-0.97,3.23
-3.56,-0.97,3.23
-3.56,-0.97,3.23
-3.56,-0.97,3.23
-3.56,-0.97,3.23
-3.56,-0.97,3.23
-3.56,-0.97,3.23
-3.56,-0.97,3.23
-3.56,-0.97,3.23
-3.56,-0.97,3.23
-3.56,-0.97,3.23
-3.56,-0.97,3.23
-3.56,-0.97,3.23
-3.56,-0.97,3.23
-3.56,-0.97,3.23
-3.56,-0.97,3.23
-3.56,-0.97,3.23
-3.56,-0.97,3.23
-3.56,-0.97,3.23
-3.56,-0.97,3.23
-3.56,-0.97,3.23
-3.56,-0.97,3.23
-3.56,-0.97,3.23
-3.56,-0.97,3.23
-3.56,-0.97,3.23
-3.56,-0.97,3.23
-3.56,-0.97,3.23
-3.56,-0.97,3.23
-3.56,-0.97,3.23
-3.56,-0.97,3.23
-3.56,-0.97,3.23
-3.56,-0.97,3.23
-3.56,-0.97,3.23
-3.56,-0.97,3.23
-3.56,-0.97,3.23
-3.56,-0.97,3.23
-3.56,-0.97,3.23
-3.56,-0.97,3.23
-3.56,-0.97,3.23
-3.56,-0.97,3.23
-3.56,-0.97,3.23
-3.56,-0.97,3.23
-3.56,-0.97,3.23
-3.56,-0.97,3.23
-3.56,-0.97,3.23
-3.56,-0.97,3.23
-3.56,-0.97,3.23
-3.56,-0.97,3.23
-3.56,-0.97,3.23
-3.56,-0.97,3.23
-3.56,-0.97,3.23
-3.56,-0.97,3.23
-3.56,-0.97,3.23
-3.56,-0.97,3.23
-3.56,-0.97,3.23
-3.56,-0.97,3.23
-3.56,-0.97,3.23
-3.56,-0.97,3.23
-3.56,-0.97,3.23
-3.56,-0.97,3.23
-3.56,-0.97,3.23
-3.56,-0.97,3.23
-3.56,-0.97,3.23
-3.56,-0.97,3.23
-3.56,-0.97,3.23
-3.56,-0.97,3.23
-3.56,-0.97,3.23
-3.56,-0.97,3.23
-3.56,-0.97,3.23
-3.56,-0.97,3.23
-3.56,-0.97,3.23
-3.56,-0.97,3.23
-3.56,-0.97,3.23
-3.56,-0.97,3.23
-3.56,-0.97,3.23
-3.56,-0.97,3.23
-3.56,-0.97,3.23
-3.56,-0.97,3.23
-3.56,-0.97,3.23
-3.56,-0.97,3.23
-3.56,-0.97,3.23
-3.56,-0.97,3.23
-3.56,-0.97,3.23
-3.56,-0.97,3.23
-3.56,-0.97,3.23
-3.56,-0.97,3.23
-3.56,-0.97,3.23
-3.56,-0.97,3.23
-3.56,-0.97,3.23
-3.56,-0.97,3.23
-3.56,-0.97,3.23
-3.56,-0.97,3.23
-3.56,-0.97,3.23
-3.56,-0.97,3.23
-3.56,-0.97,3.23
-3.56,-0.97,3.23
-3.56,-0.97,3.23
-3.56,-0.97,3.23
-3.56,-0.97,3.23
-3.56,-0.97,3.23
-3.56,-0.97,3.23
-3.56,-0.97,3.23
-3.56,-0.97,3.23
-3.56,-0.97,3.23
-3.56,-0.97,3.23
-3.56,-0.97,3.23
-3.56,-0.97,3.23
-3.56,-0.97,3.23
-3.56,-0.97,3.23
-3.56,-0.97,3.23
-3.56,-0.97,3.23
-3.56,-0.97,3.23
-3.56,-0.97,3.23
-3.56,-0.97,3.23
-3.56,-0.97,3.23
-3.56,-0.97,3.23
-3.56,-0.97,3.23
-3.56,-0.97,3.23
-3.56,-0.97,3.23
-3.56,-0.97,3.23
-3.56,-0.97,3.23
-3.56,-0.97,3.23
-3.56,-0.97,3.23
-3.56,-0.97,3.23
-3.56,-0.97,3.23
-3.56,-0.97,3.23
-3.56,-0.97,3.23
-3.56,-0.97,3.23
-3.56,-0.97,3.23
-3.56,-0.97,3.23
-3.56,-0.97,3.23
-3.56,-0.97,3.23
-3.56,-0.97,3.23
-3.56,-0.97,3.23
-3.56,-0.97,3.23
-3.56,-0.97,3.23
-3.56,-0.97,3.23
-3.56,-0.97,3.23
-3.56,-0.97,3.23
-3.56,-0.97,3.23
-3.56,-0.97,3.23
-3.56,-0.97,3.23
-3.56,-0.97,3.23
-3.56,-0.97,3.23
-3.56,-0.97,3.23
-3.56,-0.97,3.23
-3.56,-0.97,3.23
-3.56,-0.97,3.23
-3.56,-0.97,3.23
-3.56,-0.97,3.23
-3.56,-0.97,3.23
-3.56,-0.97,3.23
-3.56,-0.97,3.23
-3.56,-0.97,3.23
-3.56,-0.97,3.23
-3.56,-0.97,3.23
-3.56,-0.97,3.23
-3.56,-0.97,3.23
-3.56,-0.97,3.23
-3.56,-0.97,3.23
-3.56,-0.97,3.23
-3.56,-0.97,3.23
-3.56,-0.97,3.23
-3.56,-0.97,3.23
-3.56,-0.97,3.23
-3.56,-0.97,3.23
-3.56,-0.97,3.23
-3.56,-0.97,3.23
-3.56,-0.97,3.23
-3.56,-0.97,3.23
-3.56,-0.97,3.23
-3.56,-0.97,3.23
-3.56,-0.97,3.23
-3.56,-0.97,3.23
-3.56,-0.97,3.23
-3.56,-0.97,3.23
-3.56,-0.97,3.23
-3.56,-0.97,3.23
-3.56,-0.97,3.23
-3.56,-0.97,3.23
-3.56,-0.97,3.23
-3.56,-0.97,3.23
-3.56,-0.97,3.23
-3.56,-0.97,3.23
-3.56,-0.97,3.23
-3.56,-0.97,3.23
-3.56,-0.97,3.23
-3.56,-0.97,3.23
-3.56,-0.97,3.23
-3.56,-0.97,3.23
-3.56,-0.97,3.23
-3.56,-0.97,3.23
-3.56,-0.97,3.23
-3.56,-0.97,3.23
-3.56,-0.97,3.23
-3.56,-0.97,3.23
-3.56,-0.97,3.23
-3.56,-0.97,3.23
-3.56,-0.97,3.23
-3.56,-0.97,3.23
-3.56,-0.97,3.23
-3.56,-0.97,3.23
-3.56,-0.97,3.23
-3.56,-0.97,3.23
-3.56,-0.97,3.23
-3.56,-0.97,3.23
-3.56,-0.97,3.23
-3.56,-0.97,3.23
-3.56,-0.97,3.23
-3.56,-0.97,3.23
-3.56,-0.97,3.23
-3.56,-0.97,3.23
-3.56,-0.97,3.23
-3.56,-0.97,3.23
-3.56,-0.97,3.23
-3.56,-0.97,3.23
-3.56,-0.97,3.23
-3.56,-0.97,3.23
-3.56,-0.97,3.23
-3.56,-0.97,3.23
-3.56,-0.97,3.23
-3.56,-0.97,3.23
-3.56,-0.97,3.23
-3.56,-0.97,3.23
-3.56,-0.97,3.23
-3.56,-0.97,3.23
-3.56,-0.97,3.23
-3.56,-0.97,3.23
-3.56,-0.97,3.23
-3.56,-0.97,3.23
-3.56,-0.97,3.23
-3.56,-0.97,3.23
-3.56,-0.97,3.23
-3.56,-0.97,3.23
-3.56,-0.97,3.23
-3.56,-0.97,3.23
-3.56,-0.97,3.23
-3.56,-0.97,3.23
-3.56,-0.97,3.23
-3.56,-0.97,3.23
-3.56,-0.97,3.23
-3.56,-0.97,3.23
-3.56,-0.97,3.23
-3.56,-0.97,3.23
-3.56,-0.97,3.23
-3.56,-0.97,3.23
-3.56,-0.97,3.23
-3.56,-0.97,3.23
-3.56,-0.97,3.23
-3.56,-0.97,3.23
-3.56,-0.97,3.23
-3.56,-0.97,3.23
-3.56,-0.97,3.23
-3.56,-0.97,3.23
-3.56,-0.97,3.23
-3.56,-0.97,3.23
-3.56,-0.97,3.23
-3.56,-0.97,3.23
-3.56,-0.97,3.23
-3.56,-0.97,3.23
-3.56,-0.97,3.23
-3.56,-0.97,3.23
-3.56,-0.97,3.23
-3.56,-0.97,3.23
-3.56,-0.97,3.23
-3.56,-0.97,3.23
-3.56,-0.97,3.23
-3.56,-0.97,3.23
-3.56,-0.97,3.23
-3.56,-0.97,3.23
-3.56,-0.97,3.23
-3.56,-0.97,3.23
-3.56,-0.97,3.23
-3.56,-0.97,3.23
-3.56,-0.97,3.23
-3.56,-0.97,3.23
-3.56,-0.97,3.23
-3.56,-0.97,3.23
-3.56,-0.97,3.23
-3.56,-0.97,3.23
-3.56,-0.97,3.23
-3.56,-0.97,3.23
-3.56,-0.97,3.23
-3.56,-0.97,3.23
-3.56,-0.97,3.23
-3.56,-0.97,3.23
-3.56,-0.97,3.23
-3.56,-0.97,3.23
-3.56,-0.97,3.23
-3.56,-0.97,3.23
-3.56,-0.97,3.23
-3.56,-0.97,3.23
-3.56,-0.97,3.23
-3.56,-0.97,3.23
-3.56,-0.97,3.23
-3.56,-0.97,3.23
-3.56,-0.97,3.23
-3.56,-0.97,3.23
-3.56,-0.97,3.23
-3.56,-0.97,3.23
-3.56,-0.97,3.23
-3.56,-0.97,3.23
-3.56,-0.97,3.23
-3.56,-0.97,3.23
-3.56,-0.97,3.23
-3.56,-0.97,3.23
-3.56,-0.97,3.23
-3.56,-0.97,3.23
-3.56,-0.97,3.23
-3.56,-0.97,3.23
-3.56,-0.97,3.23
-3.56,-0.97,3.23
-3.56,-0.97,3.23
-3.56,-0.97,3.23
-3.56,-0.97,3.23
-3.56,-0.97,3.23
-3.56,-0.97,3.23
-3.56,-0.97,3.23
-3.56,-0.97,3.23
-3.56,-0.97,3.23
-3.56,-0.97,3.23
-3.56,-0.97,3.23
-3.56,-0.97,3.23
-3.56,-0.97,3.23
-3.56,-0.97,3.23
-3.56,-0.97,3.23
-3.56,-0.97,3.23
-3.56,-0.97,3.23
-3.56,-0.97,3.23
-3.56,-0.97,3.23
-3.56,-0.97,3.23
-3.56,-0.97,3.23
-3.56,-0.97,3.23
-3.56,-0.97,3.23
-3.56,-0.97,3.23
-3.56,-0.97,3.23
-3.56,-0.97,3.23
-3.56,-0.97,3.23
-3.56,-0.97,3.23
-3.56,-0.97,3.23
-3.56,-0.97,3.23
-3.56,-0.97,3.23
-3.56,-0.97,3.23
-3.56,-0.97,3.23
-3.56,-0.97,3.23
-3.56,-0.97,3.23
-3.56,-0.97,3.23
-3.56,-0.97,3.23
-3.56,-0.97,3.23
-3.56,-0.97,3.23
-3.56,-0.97,3.23
-3.56,-0.97,3.23
-3.56,-0.97,3.23
-3.56,-0.97,3.23
-3.56,-0.97,3.23
-3.56,-0.97,3.23
-3.56,-0.97,3.23
-3.56,-0.97,3.23
-3.56,-0.97,3.23
-3.56,-0.97,3.23
-3.56,-0.97,3.23
-3.56,-0.97,3.23
-3.56,-0.97,3.23
-3.56,-0.97,3.23
-3.56,-0.97,3.23
-3.56,-0.97,3.23
-3.56,-0.97,3.23
-3.56,-0.97,3.23
-3.56,-0.97,3.23
-3.56,-0.97,3.23
-3.56,-0.97,3.23
-3.56,-0.97,3.23
-3.56,-0.97,3.23
-3.56,-0.97,3.23
-3.56,-0.97,3.23
-3.56,-0.97,3.23
-3.56,-0.97,3.23
-3.56,-0.97,3.23
-3.56,-0.97,3.23
-3.56,-0.97,3.23
-3.56,-0.97,3.23
-3.56,-0.97,3.23
-3.56,-0.97,3.23
-3.56,-0.97,3.23
-3.56,-0.97,3.23
-3.56,-0.97,3.23
-3.56,-0.97,3.23
-3.56,-0.97,3.23
-3.56,-0.97,3.23
-3.56,-0.97,3.23
-3.56,-0.97,3.23
-3.56,-0.97,3.23
-3.56,-0.97,3.23
-3.56,-0.97,3.23
-3.56,-0.97,3.23
-3.56,-0.97,3.23
-3.56,-0.97,3.23
-3.56,-0.97,3.23
-3.56,-0.97,3.23
-3.56,-0.97,3.23
-3.56,-0.97,3.23
-3.56,-0.97,3.23
-3.56,-0.97,3.23
-3.56,-0.97,3.23
-3.56,-0.97,3.23
-3.56,-0.97,3.23
-3.56,-0.97,3.23
-3.56,-0.97,3.23
-3.56,-0.97,3.23
-3.56,-0.97,3.23
-3.56,-0.97,3.23
-3.56,-0.97,3.23
-3.56,-0.97,3.23
-3.56,-0.97,3.23
-3.56,-0.97,3.23
-3.56,-0.97,3.23
-3.56,-0.97,3.23
-3.56,-0.97,3.23
-3.56,-0.97,3.23
-3.56,-0.97,3.23
-3.56,-0.97,3.23
-3.56,-0.97,3.23
-3.56,-0.97,3.23
-3.56,-0.97,3.23
-3.56,-0.97,3.23
-3.56,-0.97,3.23
-3.56,-0.97,3.23
-3.56,-0.97,3.23
-3.56,-0.97,3.23
-3.56,-0.97,3.23
-3.56,-0.97,3.23
-3.56,-0.97,3.23
-3.56,-0.97,3.23
-3.56,-0.97,3.23
-3.56,-0.97,3.23
-3.56,-0.97,3.23
-3.56,-0.97,3.23
-3.56,-0.97,3.23
-3.56,-0.97,3.23
-3.56,-0.97,3.23
-3.56,-0.97,3.23
-3.56,-0.97,3.23
-3.56,-0.97,3.23
-3.56,-0.97,3.23
-3.56,-0.97,3.23
-3.56,-0.97,3.23
-3.56,-0.97,3.23
-3.56,-0.97,3.23
-3.56,-0.97,3.23
-3.56,-0.97,3.23
-3.56,-0.97,3.23
-3.56,-0.97,3.23
-3.56,-0.97,3.23
-3.56,-0.97,3.23
-3.56,-0.97,3.23
-3.56,-0.97,3.23
-3.56,-0.97,3.23
-3.56,-0.97,3.23
-3.56,-0.97,3.23
-3.56,-0.97,3.23
-3.56,-0.97,3.23
-3.56,-0.97,3.23
-3.56,-0.97,3.23
-3.56,-0.97,3.23
-3.56,-0.97,3.23
-3.56,-0.97,3.23
-3.56,-0.97,3.23
-3.56,-0.97,3.23
-3.56,-0.97,3.23
-3.56,-0.97,3.23
-3.56,-0.97,3.23
-3.56,-0.97,3.23
-3.56,-0.97,3.23
-3.56,-0.97,3.23
-3.56,-0.97,3.23
-3.56,-0.97,3.23
-3.56,-0.97,3.23
-3.56,-0.97,3.23
-3.56,-0.97,3.23
-3.56,-0.97,3.23
-3.56,-0.97,3.23
-3.56,-0.97,3.23
-3.56,-0.97,3.23
-3.56,-0.97,3.23
-3.56,-0.97,3.23
-3.56,-0.97,3.23
-3.56,-0.97,3.23
-3.56,-0.97,3.23
-3.56,-0.97,3.23
-3.56,-0.97,3.23
-3.56,-0.97,3.23
-3.56,-0.97,3.23
-3.56,-0.97,3.23
-3.56,-0.97,3.23
-3.56,-0.97,3.23
-3.56,-0.97,3.23
-3.56,-0.97,3.23
-3.56,-0.97,3.23
-3.56,-0.97,3.23
-3.56,-0.97,3.23
-3.56,-0.97,3.23
-3.56,-0.97,3.23
-3.56,-0.97,3.23
-3.56,-0.97,3.23
-3.56,-0.97,3.23
-3.56,-0.97,3.23
-3.56,-0.97,3.23
-3.56,-0.97,3.23
-3.56,-0.97,3.23
-3.56,-0.97,3.23
-3.56,-0.97,3.23
-3.56,-0.97,3.23
-3.56,-0.97,3.23
-3.56,-0.97,3.23
-3.56,-0.97,3.23
-3.56,-0.97,3.23
-3.56,-0.97,3.23
-3.56,-0.97,3.23
-3.56,-0.97,3.23
-3.56,-0.97,3.23
-3.56,-0.97,3.23
-3.56,-0.97,3.23
-3.56,-0.97,3.23
-3.56,-0.97,3.23
-3.56,-0.97,3.23
-3.56,-0.97,3.23
-3.56,-0.97,3.23
-3.56,-0.97,3.23
-3.56,-0.97,3.23
-3.56,-0.97,3.23
-3.56,-0.97,3.23
-3.56,-0.97,3.23
-3.56,-0.97,3.23
-3.56,-0.97,3.23
-3.56,-0.97,3.23
-3.56,-0.97,3.23
-3.56,-0.97,3.23
-3.56,-0.97,3.23
-3.56,-0.97,3.23
-3.56,-0.97,3.23
-3.56,-0.97,3.23
-3.56,-0.97,3.23
-3.56,-0.97,3.23
-3.56,-0.97,3.23
-3.56,-0.97,3.23
-3.56,-0.97,3.23
-3.56,-0.97,3.23
-3.56,-0.97,3.23
-3.56,-0.97,3.23
-3.56,-0.97,3.23
-3.56,-0.97,3.23
-3.56,-0.97,3.23
-3.56,-0.97,3.23
-3.56,-0.97,3.23
-3.56,-0.97,3.23
-3.56,-0.97,3.23
-3.56,-0.97,3.23
-3.56,-0.97,3.23
-3.56,-0.97,3.23
-3.56,-0.97,3.23
-3.56,-0.97,3.23
-3.56,-0.97,3.23
-3.56,-0.97,3.23
-3.56,-0.97,3.23
-3.56,-0.97,3.23
-3.56,-0.97,3.23
-3.56,-0.97,3.23
-3.56,-0.97,3.23
-3.56,-0.97,3.23
-3.56,-0.97,3.23
-3.56,-0.97,3.23
-3.56,-0.97,3.23
-3.56,-0.97,3.23
-3.56,-0.97,3.23
-3.56,-0.97,3.23
-3.56,-0.97,3.23
-3.56,-0.97,3.23
-3.56,-0.97,3.23
-3.56,-0.97,3.23
-3.56,-0.97,3.23
-3.56,-0.97,3.23
-3.56,-0.97,3.23
-3.56,-0.97,3.23
-3.56,-0.97,3.23
-3.56,-0.97,3.23
-3.56,-0.97,3.23
-3.56,-0.97,3.23
-3.56,-0.97,3.23
-3.56,-0.97,3.23
-3.56,-0.97,3.23
-3.56,-0.97,3.23
-3.56,-0.97,3.23
-3.56,-0.97,3.23
-3.56,-0.97,3.23
-3.56,-0.97,3.23
-3.56,-0.97,3.23
-3.56,-0.97,3.23
-3.56,-0.97,3.23
-3.56,-0.97,3.23
-3.56,-0.97,3.23
-3.56,-0.97,3.23
-3.56,-0.97,3.23
-3.56,-0.97,3.23
-3.56,-0.97,3.23
-3.56,-0.97,3.23
-3.56,-0.97,3.23
-3.56,-0.97,3.23
-3.56,-0.97,3.23
-3.56,-0.97,3.23
-3.56,-0.97,3.23
-3.56,-0.97,3.23
-3.56,-0.97,3.23
-3.56,-0.97,3.23
-3.56,-0.97,3.23
-3.56,-0.97,3.23
-3.56,-0.97,3.23
-3.56,-0.97,3.23
-3.56,-0.97,3.23
-3.56,-0.97,3.23
-3.56,-0.97,3.23
-3.56,-0.97,3.23
-3.56,-0.97,3.23
-3.56,-0.97,3.23
-3.56,-0.97,3.23
-3.56,-0.97,3.23
-3.56,-0.97,3.23
-3.56,-0.97,3.23
-3.56,-0.97,3.23
-3.56,-0.97,3.23
-3.56,-0.97,3.23
-3.56,-0.97,3.23
-3.56,-0.97,3.23
-3.56,-0.97,3.23
-3.56,-0.97,3.23
-3.56,-0.97,3.23
-3.56,-0.97,3.23
-3.56,-0.97,3.23
-3.56,-0.97,3.23
-3.56,-0.97,3.23
-3.56,-0.97,3.23
-3.56,-0.97,3.23
-3.56,-0.97,3.23
-3.56,-0.97,3.23
-3.56,-0.97,3.23
-3.56,-0.97,3.23
-3.56,-0.97,3.23
-3.56,-0.97,3.23
-3.56,-0.97,3.23
-3.56,-0.97,3.23
-3.56,-0.97,3.23
-3.56,-0.97,3.23
-3.56,-0.97,3.23
-3.56,-0.97,3.23
-3.56,-0.97,3.23
-3.56,-0.97,3.23
-3.56,-0.97,3.23
-3.56,-0.97,3.23
-3.56,-0.97,3.23
-3.56,-0.97,3.23
-3.56,-0.97,3.23
-3.56,-0.97,3.23
-3.56,-0.97,3.23
-3.56,-0.97,3.23
-3.56,-0.97,3.23
-3.56,-0.97,3.23
-3.56,-0.97,3.23
-3.56,-0.97,3.23
-3.56,-0.97,3.23
-3.56,-0.97,3.23
-3.56,-0.97,3.23
-3.56,-0.97,3.23
-3.56,-0.97,3.23
-3.56,-0.97,3.23
-3.56,-0.97,3.23
-3.56,-0.97,3.23
-3.56,-0.97,3.23
-3.56,-0.97,3.23
-3.56,-0.97,3.23
-3.56,-0.97,3.23
-3.56,-0.97,3.23
-3.56,-0.97,3.23
-3.56,-0.97,3.23
-3.56,-0.97,3.23
-3.56,-0.97,3.23
-3.56,-0.97,3.23
-3.56,-0.97,3.23
-3.56,-0.97,3.23
-3.56,-0.97,3.23
-3.56,-0.97,3.23
-3.56,-0.97,3.23
-3.56,-0.97,3.23
-3.56,-0.97,3.23
-3.56,-0.97,3.23
-3.56,-0.97,3.23
-3.56,-0.97,3.23
-3.56,-0.97,3.23
-3.56,-0.97,3.23
-3.56,-0.97,3.23
-3.56,-0.97,3.23
-3.56,-0.97,3.23
-3.56,-0.97,3.23
-3.56,-0.97,3.23
-3.56,-0.97,3.23
-3.56,-0.97,3.23
-3.56,-0.97,3.23
-3.56,-0.97,3.23
-3.56,-0.97,3.23
-3.56,-0.97,3.23
-3.56,-0.97,3.23
-3.56,-0.97,3.23
-3.56,-0.97,3.23
-3.56,-0.97,3.23
-3.56,-0.97,3.23
-3.56,-0.97,3.23
-3.56,-0.97,3.23
-3.56,-0.97,3.23
-3.56,-0.97,3.23
-3.56,-0.97,3.23
-3.56,-0.97,3.23
-3.56,-0.97,3.23
-3.56,-0.97,3.23
-3.56,-0.97,3.23
-3.56,-0.97,3.23
-3.56,-0.97,3.23
-3.56,-0.97,3.23
-3.56,-0.97,3.23
-3.56,-0.97,3.23
-3.56,-0.97,3.23
-3.56,-0.97,3.23
-3.56,-0.97,3.23
-3.56,-0.97,3.23
-3.56,-0.97,3.23
-3.56,-0.97,3.23
-3.56,-0.97,3.23
-3.56,-0.97,3.23
-3.56,-0.97,3.23
-3.56,-0.97,3.23
-3.56,-0.97,3.23
-3.56,-0.97,3.23
-3.56,-0.97,3.23
-3.56,-0.97,3.23
-3.56,-0.97,3.23
-3.56,-0.97,3.23
-3.56,-0.97,3.23
-3.56,-0.97,3.23
-3.56,-0.97,3.23
-3.56,-0.97,3.23
-3.56,-0.97,3.23
-3.56,-0.97,3.23
-3.56,-0.97,3.23
-3.56,-0.97,3.23
-3.56,-0.97,3.23
-3.56,-0.97,3.23
-3.56,-0.97,3.23
-3.56,-0.97,3.23
-3.56,-0.97,3.23
-3.56,-0.97,3.23
-3.56,-0.97,3.23
-3.56,-0.97,3.23
-3.56,-0.97,3.23
-3.56,-0.97,3.23
-3.56,-0.97,3.23
-3.56,-0.97,3.23
-3.56,-0.97,3.23
-3.56,-0.97,3.23
-3.56,-0.97,3.23
-3.56,-0.97,3.23
-3.56,-0.97,3.23
-3.56,-0.97,3.23
-3.56,-0.97,3.23
-3.56,-0.97,3.23
-3.56,-0.97,3.23
-3.56,-0.97,3.23
-3.56,-0.97,3.23
-3.56,-0.97,3.23
-3.56,-0.97,3.23
-3.56,-0.97,3.23
-3.56,-0.97,3.23
-3.56,-0.97,3.23
-3.56,-0.97,3.23
-3.56,-0.97,3.23
-3.56,-0.97,3.23
-3.56,-0.97,3.23
-3.56,-0.97,3.23
-3.56,-0.97,3.23
-3.56,-0.97,3.23
-3.56,-0.97,3.23
-3.56,-0.97,3.23
-3.56,-0.97,3.23
-3.56,-0.97,3.23
-3.56,-0.97,3.23
-3.56,-0.97,3.23
-3.56,-0.97,3.23
-3.56,-0.97,3.23
-3.56,-0.97,3.23
-3.56,-0.97,3.23
-3.56,-0.97,3.23
-3.56,-0.97,3.23
-3.56,-0.97,3.23
-3.56,-0.97,3.23
-3.56,-0.97,3.23
-3.56,-0.97,3.23
-3.56,-0.97,3.23
-3.56,-0.97,3.23
-3.56,-0.97,3.23
-3.56,-0.97,3.23
-3.56,-0.97,3.23
-3.56,-0.97,3.23
-3.56,-0.97,3.23
-3.56,-0.97,3.23
-3.56,-0.97,3.23
-3.56,-0.97,3.23
-3.56,-0.97,3.23
-3.56,-0.97,3.23
-3.56,-0.97,3.23
-3.56,-0.97,3.23
-3.56,-0.97,3.23
-3.56,-0.97,3.23
-3.56,-0.97,3.23
-3.56,-0.97,3.23
-3.56,-0.97,3.23
-3.56,-0.97,3.23
-3.56,-0.97,3.23
-3.56,-0.97,3.23
-3.56,-0.97,3.23
-3.56,-0.97,3.23
-3.56,-0.97,3.23
-3.56,-0.97,3.23
-3.56,-0.97,3.23
-3.56,-0.97,3.23
-3.56,-0.97,3.23
-3.56,-0.97,3.23
-3.56,-0.97,3.23
-3.56,-0.97,3.23
-3.56,-0.97,3.23
-3.56,-0.97,3.23
-3.56,-0.97,3.23
-3.56,-0.97,3.23
-3.56,-0.97,3.23
-3.56,-0.97,3.23
-3.56,-0.97,3.23
-3.56,-0.97,3.23
-3.56,-0.97,3.23
-3.56,-0.97,3.23
-3.56,-0.97,3.23
-3.56,-0.97,3.23
-3.56,-0.97,3.23
-3.56,-0.97,3.23
-3.56,-0.97,3.23
-3.56,-0.97,3.23
-3.56,-0.97,3.23
-3.56,-0.97,3.23
-3.56,-0.97,3.23
-3.56,-0.97,3.23
-3.56,-0.97,3.23
-3.56,-0.97,3.23
-3.56,-0.97,3.23
-3.56,-0.97,3.23
-3.56,-0.97,3.23
-3.56,-0.97,3.23
-3.56,-0.97,3.23
-3.56,-0.97,3.23
-3.56,-0.97,3.23
-3.56,-0.97,3.23
-3.56,-0.97,3.23
-3.56,-0.97,3.23
-3.56,-0.97,3.23
-3.56,-0.97,3.23
-3.56,-0.97,3.23
-3.56,-0.97,3.23
-3.56,-0.97,3.23
-3.56,-0.97,3.23
-3.56,-0.97,3.23
-3.56,-0.97,3.23
-3.56,-0.97,3.23
-3.56,-0.97,3.23
-3.56,-0.97,3.23
-3.56,-0.97,3.23
-3.56,-0.97,3.23
-3.56,-0.97,3.23
-3.56,-0.97,3.23
-3.56,-0.97,3.23
-3.56,-0.97,3.23
-3.56,-0.97,3.23
-3.56,-0.97,3.23
-3.56,-0.97,3.23
-3.56,-0.97,3.23
-3.56,-0.97,3.23
-3.56,-0.97,3.23
-3.56,-0.97,3.23
-3.56,-0.97,3.23
-3.56,-0.97,3.23
-3.56,-0.97,3.23
-3.56,-0.97,3.23
-3.56,-0.97,3.23
-3.56,-0.97,3.23
-3.56,-0.97,3.23
-3.56,-0.97,3.23
-3.56,-0.97,3.23
-3.56,-0.97,3.23
-3.56,-0.97,3.23
-3.56,-0.97,3.23
-3.56,-0.97,3.23
-3.56,-0.97,3.23
-3.56,-0.97,3.23
-3.56,-0.97,3.23
-3.56,-0.97,3.23
-3.56,-0.97,3.23
-3.56,-0.97,3.23
-3.56,-0.97,3.23
-3.56,-0.97,3.23
-3.56,-0.97,3.23
-3.56,-0.97,3.23
-3.56,-0.97,3.23
-3.56,-0.97,3.23
-3.56,-0.97,3.23
-3.56,-0.97,3.23
-3.56,-0.97,3.23
-3.56,-0.97,3.23
-3.56,-0.97,3.23
-3.56,-0.97,3.23
-3.56,-0.97,3.23
-3.56,-0.97,3.23
-3.56,-0.97,3.23
-3.56,-0.97,3.23
-3.56,-0.97,3.23
-3.56,-0.97,3.23
-3.56,-0.97,3.23
-3.56,-0.97,3.23
-3.56,-0.97,3.23
-3.56,-0.97,3.23
-3.56,-0.97,3.23
-3.56,-0.97,3.23
-3.56,-0.97,3.23
-3.56,-0.97,3.23
-3.56,-0.97,3.23
-3.56,-0.97,3.23
-3.56,-0.97,3.23
-3.56,-0.97,3.23
-3.56,-0.97,3.23
-3.56,-0.97,3.23
-3.56,-0.97,3.23
-3.56,-0.97,3.23
-3.56,-0.97,3.23
-3.56,-0.97,3.23
-3.56,-0.97,3.23
-3.56,-0.97,3.23
-3.56,-0.97,3.23
-3.56,-0.97,3.23
-3.56,-0.97,3.23
-3.56,-0.97,3.23
-3.56,-0.97,3.23
-3.56,-0.97,3.23
-3.56,-0.97,3.23
-3.56,-0.97,3.23
-3.56,-0.97,3.23
-3.56,-0.97,3.23
-3.56,-0.97,3.23
-3.56,-0.97,3.23
-3.56,-0.97,3.23
-3.56,-0.97,3.23
-3.56,-0.97,3.23
-3.56,-0.97,3.23
-3.56,-0.97,3.23
-3.56,-0.97,3.23
-3.56,-0.97,3.23
-3.56,-0.97,3.23
-3.56,-0.97,3.23
-3.56,-0.97,3.23
-3.56,-0.97,3.23
-3.56,-0.97,3.23
-3.56,-0.97,3.23
-3.56,-0.97,3.23
-3.56,-0.97,3.23
-3.56,-0.97,3.23
-3.56,-0.97,3.23
-3.56,-0.97,3.23
-3.56,-0.97,3.23
-3.56,-0.97,3.23
-3.56,-0.97,3.23
-3.56,-0.97,3.23
-3.56,-0.97,3.23
-3.56,-0.97,3.23
-3.56,-0.97,3.23
-3.56,-0.97,3.23
-3.56,-0.97,3.23
-3.56,-0.97,3.23
-3.56,-0.97,3.23
-3.56,-0.97,3.23
-3.56,-0.97,3.23
-3.56,-0.97,3.23
-3.56,-0.97,3.23
-3.56,-0.97,3.23
-2.39,-0.97,3.83
-2.39,-0.97,3.83
-2.39,-0.97,3.83
-2.39,-0.97,3.83
-2.39,-0.97,3.83
